Time_ms,Lead_I,Lead_II,Lead_III,aVR,aVL,aVF,V1,V2,V3,V4,V5,V6
0.00,0.000000,0.000000,0.000000,-0.000000,0.000000,0.000000,-0.020000,-0.010000,0.000000,0.010000,0.010000,0.000000
8.00,0.004590,0.006120,0.002142,-0.003366,0.001530,0.004284,-0.021224,-0.007858,0.003978,0.015508,0.015202,0.004284
16.00,-0.001316,-0.001754,-0.000614,0.000965,-0.000439,-0.001228,-0.019649,-0.010614,-0.001140,0.008421,0.008509,-0.001228
24.00,-0.003284,-0.004379,-0.001533,0.002409,-0.001095,-0.003065,-0.019124,-0.011533,-0.002846,0.006059,0.006278,-0.003065
32.00,0.003783,0.005044,0.001765,-0.002774,0.001261,0.003531,-0.021009,-0.008235,0.003279,0.014540,0.014288,0.003531
40.00,0.003577,0.004770,0.001669,-0.002623,0.001192,0.003339,-0.020954,-0.008331,0.003100,0.014293,0.014054,0.003339
48.00,-0.002789,-0.003719,-0.001302,0.002045,-0.000930,-0.002603,-0.019256,-0.011302,-0.002417,0.006653,0.006839,-0.002603
56.00,0.000819,0.001092,0.000382,-0.000601,0.000273,0.000765,-0.020218,-0.009618,0.000710,0.010983,0.010928,0.000765
64.00,0.007769,0.010359,0.003626,-0.005698,0.002590,0.007251,-0.022072,-0.006374,0.006734,0.019323,0.018805,0.007251
72.00,0.005398,0.007198,0.002519,-0.003959,0.001799,0.005038,-0.021440,-0.007481,0.004679,0.016478,0.016118,0.005038
80.00,0.006659,0.008878,0.003107,-0.004883,0.002220,0.006215,-0.021776,-0.006893,0.005771,0.017991,0.017547,0.006215
88.00,0.021415,0.028553,0.009994,-0.015704,0.007138,0.019987,-0.025711,-0.000006,0.018560,0.035698,0.034270,0.019987
96.00,0.035007,0.046676,0.016337,-0.025672,0.011669,0.032673,-0.029335,0.006337,0.030339,0.052008,0.049675,0.032673
104.00,0.043944,0.058593,0.020507,-0.032226,0.014648,0.041015,-0.031719,0.010507,0.038085,0.062733,0.059804,0.041015
112.00,0.062730,0.083639,0.029274,-0.046002,0.020910,0.058548,-0.036728,0.019274,0.054366,0.085275,0.081094,0.058548
120.00,0.084878,0.113171,0.039610,-0.062244,0.028293,0.079219,-0.042634,0.029610,0.073561,0.111854,0.106195,0.079219
128.00,0.091235,0.121647,0.042576,-0.066906,0.030412,0.085153,-0.044329,0.032576,0.079071,0.119482,0.113400,0.085153
136.00,0.087860,0.117147,0.041002,-0.064431,0.029287,0.082003,-0.043429,0.031002,0.076146,0.115433,0.109575,0.082003
144.00,0.086317,0.115089,0.040281,-0.063299,0.028772,0.080562,-0.043018,0.030281,0.074808,0.113580,0.107825,0.080562
152.00,0.075370,0.100493,0.035173,-0.055271,0.025123,0.070345,-0.040099,0.025173,0.065320,0.100444,0.095419,0.070345
160.00,0.051666,0.068888,0.024111,-0.037889,0.017222,0.048222,-0.033778,0.014111,0.044777,0.071999,0.068555,0.048222
168.00,0.034852,0.046470,0.016264,-0.025558,0.011617,0.032529,-0.029294,0.006264,0.030205,0.051823,0.049499,0.032529
176.00,0.028462,0.037949,0.013282,-0.020872,0.009487,0.026564,-0.027590,0.003282,0.024667,0.044154,0.042257,0.026564
184.00,0.017048,0.022730,0.007956,-0.012502,0.005683,0.015911,-0.024546,-0.002044,0.014775,0.030457,0.029321,0.015911
192.00,0.005324,0.007098,0.002484,-0.003904,0.001775,0.004969,-0.021420,-0.007516,0.004614,0.016388,0.016033,0.004969
200.00,0.006743,0.008990,0.003147,-0.004945,0.002248,0.006293,-0.021798,-0.006853,0.005844,0.018091,0.017642,0.006293
208.00,0.009794,0.013058,0.004570,-0.007182,0.003265,0.009141,-0.022612,-0.005430,0.008488,0.021753,0.021100,0.009141
216.00,0.003217,0.004289,0.001501,-0.002359,0.001072,0.003003,-0.020858,-0.008499,0.002788,0.013860,0.013646,0.003003
224.00,0.000979,0.001306,0.000457,-0.000718,0.000326,0.000914,-0.020261,-0.009543,0.000849,0.011175,0.011110,0.000914
232.00,0.007931,0.010575,0.003701,-0.005816,0.002644,0.007402,-0.022115,-0.006299,0.006873,0.019517,0.018988,0.007402
240.00,0.007628,0.010170,0.003560,-0.005594,0.002543,0.007119,-0.022034,-0.006440,0.006611,0.019153,0.018645,0.007119
248.00,0.001047,0.001396,0.000489,-0.000768,0.000349,0.000977,-0.020279,-0.009511,0.000907,0.011256,0.011186,0.000977
256.00,0.003554,0.004739,0.001659,-0.002607,0.001185,0.003317,-0.020948,-0.008341,0.003080,0.014265,0.014028,0.003317
264.00,0.000840,0.001120,0.000392,-0.000616,0.000280,0.000784,-0.020224,-0.009608,0.000728,0.011008,0.010952,0.000784
272.00,-0.047406,-0.063207,-0.022123,0.034764,-0.015802,-0.044245,-0.007359,-0.032123,-0.041085,-0.046887,-0.043726,-0.044245
280.00,-0.108870,-0.145160,-0.050806,0.079838,-0.036290,-0.101612,0.009032,-0.060806,-0.094354,-0.120644,-0.113386,-0.101612
288.00,-0.007691,-0.010255,-0.003589,0.005640,-0.002564,-0.007179,-0.017949,-0.013589,-0.006666,0.000770,0.001283,-0.007179
296.00,0.334011,0.445349,0.155872,-0.244942,0.111337,0.311744,-0.109070,0.145872,0.289477,0.410814,0.388546,0.311744
304.00,0.704840,0.939786,0.328925,-0.516883,0.234947,0.657850,-0.207957,0.318925,0.610861,0.855808,0.808818,0.657850
312.00,0.701176,0.934901,0.327215,-0.514195,0.233725,0.654431,-0.206980,0.317215,0.607686,0.851411,0.804666,0.654431
320.00,0.301036,0.401382,0.140484,-0.220760,0.100345,0.280967,-0.100276,0.130484,0.260898,0.371244,0.351175,0.280967
328.00,-0.066804,-0.089072,-0.031175,0.048990,-0.022268,-0.062350,-0.002186,-0.041175,-0.057897,-0.070165,-0.065711,-0.062350
336.00,-0.183151,-0.244201,-0.085470,0.134311,-0.061050,-0.170941,0.028840,-0.095470,-0.158731,-0.209781,-0.197571,-0.170941
344.00,-0.125833,-0.167777,-0.058722,0.092277,-0.041944,-0.117444,0.013555,-0.068722,-0.109055,-0.140999,-0.132611,-0.117444
352.00,-0.042704,-0.056938,-0.019928,0.031316,-0.014235,-0.039857,-0.008612,-0.029928,-0.037010,-0.041245,-0.038398,-0.039857
360.00,-0.004303,-0.005737,-0.002008,0.003155,-0.001434,-0.004016,-0.018853,-0.012008,-0.003729,0.004837,0.005124,-0.004016
368.00,0.011083,0.014778,0.005172,-0.008128,0.003694,0.010344,-0.022956,-0.004828,0.009606,0.023300,0.022561,0.010344
376.00,0.024162,0.032217,0.011276,-0.017719,0.008054,0.022552,-0.026443,0.001276,0.020941,0.038995,0.037384,0.022552
384.00,0.027371,0.036495,0.012773,-0.020072,0.009124,0.025547,-0.027299,0.002773,0.023722,0.042846,0.041021,0.025547
392.00,0.027834,0.037112,0.012989,-0.020412,0.009278,0.025978,-0.027422,0.002989,0.024123,0.043401,0.041545,0.025978
400.00,0.040416,0.053887,0.018861,-0.029638,0.013472,0.037721,-0.030777,0.008861,0.035027,0.058499,0.055804,0.037721
408.00,0.054823,0.073097,0.025584,-0.040204,0.018274,0.051168,-0.034619,0.015584,0.047513,0.075788,0.072133,0.051168
416.00,0.060692,0.080922,0.028323,-0.044507,0.020231,0.056646,-0.036184,0.018323,0.052599,0.082830,0.078784,0.056646
424.00,0.072498,0.096663,0.033832,-0.053165,0.024166,0.067664,-0.039333,0.023832,0.062831,0.096997,0.092164,0.067664
432.00,0.095261,0.127014,0.044455,-0.069858,0.031754,0.088910,-0.045403,0.034455,0.082559,0.124313,0.117962,0.088910
440.00,0.112437,0.149916,0.052470,-0.082454,0.037479,0.104941,-0.049983,0.042470,0.097445,0.144924,0.137428,0.104941
448.00,0.124701,0.166268,0.058194,-0.091448,0.041567,0.116388,-0.053254,0.048194,0.108074,0.159642,0.151328,0.116388
456.00,0.147493,0.196657,0.068830,-0.108161,0.049164,0.137660,-0.059331,0.058830,0.127827,0.186991,0.177158,0.137660
464.00,0.173145,0.230860,0.080801,-0.126973,0.057715,0.161602,-0.066172,0.070801,0.150059,0.217774,0.206231,0.161602
472.00,0.187570,0.250093,0.087533,-0.137551,0.062523,0.175065,-0.070019,0.077533,0.162561,0.235084,0.222579,0.175065
480.00,0.201939,0.269252,0.094238,-0.148088,0.067313,0.188476,-0.073850,0.084238,0.175014,0.252327,0.238864,0.188476
488.00,0.224233,0.298978,0.104642,-0.164438,0.074744,0.209284,-0.079796,0.094642,0.194336,0.279080,0.264131,0.209284
496.00,0.238354,0.317805,0.111232,-0.174793,0.079451,0.222464,-0.083561,0.101232,0.206573,0.296025,0.280134,0.222464
504.00,0.240546,0.320729,0.112255,-0.176401,0.080182,0.224510,-0.084146,0.102255,0.208474,0.298656,0.282619,0.224510
512.00,0.246790,0.329053,0.115168,-0.180979,0.082263,0.230337,-0.085811,0.105168,0.213884,0.306147,0.289695,0.230337
520.00,0.253729,0.338306,0.118407,-0.186068,0.084576,0.236814,-0.087661,0.108407,0.219899,0.314475,0.297560,0.236814
528.00,0.246033,0.328044,0.114816,-0.180424,0.082011,0.229631,-0.085609,0.104816,0.213229,0.305240,0.288838,0.229631
536.00,0.232753,0.310338,0.108618,-0.170686,0.077584,0.217236,-0.082068,0.098618,0.201719,0.289304,0.273787,0.217236
544.00,0.226349,0.301799,0.105630,-0.165989,0.075450,0.211259,-0.080360,0.095630,0.196169,0.281619,0.266529,0.211259
552.00,0.214140,0.285520,0.099932,-0.157036,0.071380,0.199864,-0.077104,0.089932,0.185588,0.266968,0.252692,0.199864
560.00,0.189887,0.253182,0.088614,-0.139250,0.063296,0.177228,-0.070636,0.078614,0.164569,0.237864,0.225205,0.177228
568.00,0.170378,0.227171,0.079510,-0.124944,0.056793,0.159020,-0.065434,0.069510,0.147661,0.214454,0.203095,0.159020
576.00,0.157487,0.209982,0.073494,-0.115490,0.052496,0.146987,-0.061996,0.063494,0.136488,0.198984,0.188485,0.146987
584.00,0.135655,0.180873,0.063305,-0.099480,0.045218,0.126611,-0.056175,0.053305,0.117567,0.172785,0.163742,0.126611
592.00,0.110646,0.147528,0.051635,-0.081140,0.036882,0.103270,-0.049506,0.041635,0.095893,0.142775,0.135399,0.103270
600.00,0.097429,0.129906,0.045467,-0.071448,0.032476,0.090934,-0.045981,0.035467,0.084439,0.126915,0.120420,0.090934
608.00,0.085891,0.114522,0.040083,-0.062987,0.028630,0.080165,-0.042904,0.030083,0.074439,0.113069,0.107343,0.080165
616.00,0.065766,0.087688,0.030691,-0.048228,0.021922,0.061381,-0.037538,0.020691,0.056997,0.088919,0.084535,0.061381
624.00,0.051574,0.068766,0.024068,-0.037821,0.017191,0.048136,-0.033753,0.014068,0.044698,0.071889,0.068451,0.048136
632.00,0.048378,0.064504,0.022576,-0.035477,0.016126,0.045153,-0.032901,0.012576,0.041928,0.068054,0.064828,0.045153
640.00,0.039719,0.052959,0.018536,-0.029127,0.013240,0.037071,-0.030592,0.008536,0.034423,0.057663,0.055015,0.037071
648.00,0.026450,0.035266,0.012343,-0.019396,0.008817,0.024686,-0.027053,0.002343,0.022923,0.041740,0.039976,0.024686
656.00,0.024304,0.032405,0.011342,-0.017823,0.008101,0.022683,-0.026481,0.001342,0.021063,0.039164,0.037544,0.022683
664.00,0.026039,0.034719,0.012152,-0.019095,0.008680,0.024303,-0.026944,0.002152,0.022567,0.041247,0.039511,0.024303
672.00,0.018109,0.024146,0.008451,-0.013280,0.006036,0.016902,-0.024829,-0.001549,0.015695,0.031731,0.030524,0.016902
680.00,0.012312,0.016416,0.005746,-0.009029,0.004104,0.011491,-0.023283,-0.004254,0.010671,0.024775,0.023954,0.011491
688.00,0.017292,0.023056,0.008070,-0.012681,0.005764,0.016139,-0.024611,-0.001930,0.014986,0.030750,0.029598,0.016139
696.00,0.017585,0.023446,0.008206,-0.012896,0.005862,0.016412,-0.024689,-0.001794,0.015240,0.031102,0.029929,0.016412
704.00,0.009982,0.013310,0.004658,-0.007320,0.003327,0.009317,-0.022662,-0.005342,0.008651,0.021979,0.021313,0.009317
712.00,0.010856,0.014474,0.005066,-0.007961,0.003619,0.010132,-0.022895,-0.004934,0.009408,0.023027,0.022303,0.010132
720.00,0.017047,0.022729,0.007955,-0.012501,0.005682,0.015910,-0.024546,-0.002045,0.014774,0.030456,0.029320,0.015910
728.00,0.013189,0.017586,0.006155,-0.009672,0.004396,0.012310,-0.023517,-0.003845,0.011431,0.025827,0.024948,0.012310
736.00,0.008069,0.010759,0.003766,-0.005917,0.002690,0.007531,-0.022152,-0.006234,0.006993,0.019683,0.019145,0.007531
744.00,0.013663,0.018217,0.006376,-0.010020,0.004554,0.012752,-0.023643,-0.003624,0.011841,0.026396,0.025485,0.012752
752.00,0.016630,0.022174,0.007761,-0.012196,0.005543,0.015522,-0.024435,-0.002239,0.014413,0.029956,0.028848,0.015522
760.00,0.009947,0.013263,0.004642,-0.007294,0.003316,0.009284,-0.022653,-0.005358,0.008621,0.021936,0.021273,0.009284
768.00,0.009555,0.012740,0.004459,-0.007007,0.003185,0.008918,-0.022548,-0.005541,0.008281,0.021466,0.020829,0.008918
776.00,0.016485,0.021980,0.007693,-0.012089,0.005495,0.015386,-0.024396,-0.002307,0.014287,0.029782,0.028683,0.015386
784.00,0.014394,0.019191,0.006717,-0.010555,0.004798,0.013434,-0.023838,-0.003283,0.012474,0.027272,0.026313,0.013434
792.00,0.008369,0.011159,0.003906,-0.006137,0.002790,0.007811,-0.022232,-0.006094,0.007253,0.020043,0.019485,0.007811
800.00,0.012841,0.017121,0.005993,-0.009417,0.004280,0.011985,-0.023424,-0.004007,0.011129,0.025409,0.024553,0.011985
808.00,0.017312,0.023083,0.008079,-0.012695,0.005771,0.016158,-0.024617,-0.001921,0.015004,0.030774,0.029620,0.016158
816.00,0.011284,0.015045,0.005266,-0.008275,0.003761,0.010532,-0.023009,-0.004734,0.009779,0.023541,0.022788,0.010532
824.00,0.009188,0.012251,0.004288,-0.006738,0.003063,0.008576,-0.022450,-0.005712,0.007963,0.021026,0.020413,0.008576
832.00,0.016113,0.021484,0.007520,-0.011816,0.005371,0.015039,-0.024297,-0.002480,0.013965,0.029336,0.028262,0.015039
840.00,0.015721,0.020962,0.007337,-0.011529,0.005240,0.014673,-0.024192,-0.002663,0.013625,0.028865,0.027817,0.014673
848.00,0.009046,0.012062,0.004222,-0.006634,0.003015,0.008443,-0.022412,-0.005778,0.007840,0.020856,0.020253,0.008443
856.00,0.012042,0.016056,0.005620,-0.008831,0.004014,0.011239,-0.023211,-0.004380,0.010436,0.024450,0.023648,0.011239
864.00,0.017704,0.023605,0.008262,-0.012983,0.005901,0.016524,-0.024721,-0.001738,0.015343,0.031245,0.030064,0.016524
872.00,0.012733,0.016978,0.005942,-0.009338,0.004244,0.011884,-0.023396,-0.004058,0.011036,0.025280,0.024431,0.011884
880.00,0.009202,0.012270,0.004294,-0.006748,0.003067,0.008589,-0.022454,-0.005706,0.007975,0.021043,0.020429,0.008589
888.00,0.016097,0.021462,0.007512,-0.011804,0.005366,0.015023,-0.024292,-0.002488,0.013950,0.029316,0.028243,0.015023
896.00,0.018444,0.024592,0.008607,-0.013526,0.006148,0.017215,-0.024918,-0.001393,0.015985,0.032133,0.030903,0.017215
904.00,0.013768,0.018358,0.006425,-0.010097,0.004589,0.012850,-0.023672,-0.003575,0.011933,0.026522,0.025604,0.012850
912.00,0.019444,0.025925,0.009074,-0.014259,0.006481,0.018148,-0.025185,-0.000926,0.016851,0.033333,0.032036,0.018148
920.00,0.033435,0.044580,0.015603,-0.024519,0.011145,0.031206,-0.028916,0.005603,0.028977,0.050122,0.047893,0.031206
928.00,0.041191,0.054922,0.019223,-0.030207,0.013730,0.038445,-0.030984,0.009223,0.035699,0.059430,0.056684,0.038445
936.00,0.051354,0.068472,0.023965,-0.037659,0.017118,0.047930,-0.033694,0.013965,0.044507,0.071624,0.068201,0.047930
944.00,0.074234,0.098979,0.034643,-0.054439,0.024745,0.069285,-0.039796,0.024643,0.064336,0.099081,0.094132,0.069285
952.00,0.093305,0.124406,0.043542,-0.068423,0.031102,0.087084,-0.044881,0.033542,0.080864,0.121966,0.115745,0.087084
960.00,0.097685,0.130246,0.045586,-0.071635,0.032562,0.091172,-0.046049,0.035586,0.084660,0.127221,0.120709,0.091172
968.00,0.100275,0.133699,0.046795,-0.073535,0.033425,0.093590,-0.046740,0.036795,0.086905,0.130329,0.123645,0.093590
976.00,0.101231,0.134975,0.047241,-0.074236,0.033744,0.094483,-0.046995,0.037241,0.087734,0.131478,0.124729,0.094483
984.00,0.085924,0.114565,0.040098,-0.063011,0.028641,0.080195,-0.042913,0.030098,0.074467,0.113108,0.107380,0.080195
992.00,0.062939,0.083918,0.029371,-0.046155,0.020980,0.058743,-0.036784,0.019371,0.054547,0.085526,0.081330,0.058743
1000.00,0.050500,0.067333,0.023567,-0.037033,0.016833,0.047133,-0.033467,0.013567,0.043767,0.070600,0.067233,0.047133
1008.00,0.040863,0.054484,0.019069,-0.029966,0.013621,0.038139,-0.030897,0.009069,0.035415,0.059036,0.056312,0.038139
1016.00,0.024682,0.032909,0.011518,-0.018100,0.008227,0.023037,-0.026582,0.001518,0.021391,0.039618,0.037973,0.023037
1024.00,0.016180,0.021573,0.007551,-0.011865,0.005393,0.015101,-0.024315,-0.002449,0.014023,0.029416,0.028337,0.015101
1032.00,0.019523,0.026031,0.009111,-0.014317,0.006508,0.018222,-0.025206,-0.000889,0.016920,0.033428,0.032126,0.018222
1040.00,0.017337,0.023116,0.008091,-0.012714,0.005779,0.016181,-0.024623,-0.001909,0.015025,0.030804,0.029649,0.016181
1048.00,0.009843,0.013124,0.004593,-0.007218,0.003281,0.009187,-0.022625,-0.005407,0.008531,0.021812,0.021156,0.009187
1056.00,0.012481,0.016642,0.005825,-0.009153,0.004160,0.011649,-0.023328,-0.004175,0.010817,0.024978,0.024146,0.011649
1064.00,0.017970,0.023961,0.008386,-0.013178,0.005990,0.016772,-0.024792,-0.001614,0.015574,0.031564,0.030366,0.016772
1072.00,0.012865,0.017153,0.006004,-0.009434,0.004288,0.012007,-0.023431,-0.003996,0.011150,0.025438,0.024580,0.012007
1080.00,0.009114,0.012152,0.004253,-0.006683,0.003038,0.008506,-0.022430,-0.005747,0.007899,0.020937,0.020329,0.008506
1088.00,0.015187,0.020249,0.007087,-0.011137,0.005062,0.014174,-0.024050,-0.002913,0.013162,0.028224,0.027211,0.014174
1096.00,0.010622,0.014162,0.004957,-0.007789,0.003541,0.009913,-0.022832,-0.005043,0.009205,0.022746,0.022038,0.009913
1104.00,-0.031985,-0.042646,-0.014926,0.023455,-0.010662,-0.029852,-0.011471,-0.024926,-0.027720,-0.028382,-0.026249,-0.029852
1112.00,-0.094567,-0.126089,-0.044131,0.069349,-0.031522,-0.088262,0.005218,-0.054131,-0.081958,-0.103480,-0.097176,-0.088262
1120.00,-0.031737,-0.042316,-0.014811,0.023274,-0.010579,-0.029622,-0.011537,-0.024811,-0.027506,-0.028085,-0.025969,-0.029622
1128.00,0.269062,0.358749,0.125562,-0.197312,0.089687,0.251124,-0.091750,0.115562,0.233187,0.332874,0.314937,0.251124
1136.00,0.663891,0.885188,0.309816,-0.486854,0.221297,0.619632,-0.197038,0.299816,0.575372,0.806669,0.762410,0.619632
1144.00,0.748665,0.998220,0.349377,-0.549021,0.249555,0.698754,-0.219644,0.339377,0.648843,0.908398,0.858487,0.698754
1152.00,0.384367,0.512489,0.179371,-0.281869,0.128122,0.358743,-0.122498,0.169371,0.333118,0.471240,0.445616,0.358743
1160.00,-0.020056,-0.026741,-0.009359,0.014707,-0.006685,-0.018719,-0.014652,-0.019359,-0.017381,-0.014067,-0.012730,-0.018719
1168.00,-0.172261,-0.229682,-0.080389,0.126325,-0.057420,-0.160777,0.025936,-0.090389,-0.149293,-0.196714,-0.185229,-0.160777
1176.00,-0.130727,-0.174303,-0.061006,0.095867,-0.043576,-0.122012,0.014861,-0.071006,-0.113297,-0.146873,-0.138158,-0.122012
1184.00,-0.050764,-0.067685,-0.023690,0.037227,-0.016921,-0.047379,-0.006463,-0.033690,-0.043995,-0.050916,-0.047532,-0.047379
1192.00,-0.005279,-0.007038,-0.002463,0.003871,-0.001760,-0.004927,-0.018592,-0.012463,-0.004575,0.003666,0.004018,-0.004927
1200.00,0.018092,0.024123,0.008443,-0.013268,0.006031,0.016886,-0.024825,-0.001557,0.015680,0.031711,0.030505,0.016886
1208.00,0.029212,0.038949,0.013632,-0.021422,0.009737,0.027264,-0.027790,0.003632,0.025317,0.045054,0.043107,0.027264
1216.00,0.028200,0.037600,0.013160,-0.020680,0.009400,0.026320,-0.027520,0.003160,0.024440,0.043840,0.041960,0.026320
1224.00,0.032158,0.042877,0.015007,-0.023582,0.010719,0.030014,-0.028575,0.005007,0.027870,0.048590,0.046446,0.030014
1232.00,0.046715,0.062286,0.021800,-0.034258,0.015572,0.043601,-0.032457,0.011800,0.040486,0.066058,0.062943,0.043601
1240.00,0.055753,0.074337,0.026018,-0.040885,0.018584,0.052036,-0.034867,0.016018,0.048319,0.076903,0.073187,0.052036
1248.00,0.060450,0.080600,0.028210,-0.044330,0.020150,0.056420,-0.036120,0.018210,0.052390,0.082540,0.078510,0.056420
1256.00,0.076820,0.102426,0.035849,-0.056334,0.025607,0.071698,-0.040485,0.025849,0.066577,0.102184,0.097062,0.071698
1264.00,0.097801,0.130401,0.045640,-0.071721,0.032600,0.091281,-0.046080,0.035640,0.084761,0.127361,0.120841,0.091281
1272.00,0.109889,0.146518,0.051281,-0.080585,0.036630,0.102563,-0.049304,0.041281,0.095237,0.141867,0.134541,0.102563
1280.00,0.124756,0.166341,0.058219,-0.091488,0.041585,0.116439,-0.053268,0.048219,0.108122,0.159707,0.151390,0.116439
1288.00,0.150739,0.200986,0.070345,-0.110542,0.050246,0.140690,-0.060197,0.060345,0.130641,0.190887,0.180838,0.140690
1296.00,0.171895,0.229193,0.080218,-0.126056,0.057298,0.160435,-0.065839,0.070218,0.148976,0.216274,0.204814,0.160435
1304.00,0.184388,0.245850,0.086048,-0.135218,0.061463,0.172095,-0.069170,0.076048,0.159803,0.231265,0.218973,0.172095
1312.00,0.203860,0.271813,0.095135,-0.149497,0.067953,0.190269,-0.074363,0.085135,0.176678,0.254632,0.241041,0.190269
1320.00,0.226380,0.301840,0.105644,-0.166012,0.075460,0.211288,-0.080368,0.095644,0.196196,0.281656,0.266564,0.211288
1328.00,0.235836,0.314448,0.110057,-0.172946,0.078612,0.220113,-0.082890,0.100057,0.204391,0.293003,0.277281,0.220113
1336.00,0.240358,0.320478,0.112167,-0.176263,0.080119,0.224335,-0.084096,0.102167,0.208311,0.298430,0.282406,0.224335
1344.00,0.251430,0.335239,0.117334,-0.184382,0.083810,0.234668,-0.087048,0.107334,0.217906,0.311715,0.294953,0.234668
1352.00,0.255419,0.340559,0.119196,-0.187307,0.085140,0.238391,-0.088112,0.109196,0.221363,0.316503,0.299475,0.238391
1360.00,0.245253,0.327004,0.114451,-0.179852,0.081751,0.228902,-0.085401,0.104451,0.212552,0.304303,0.287953,0.228902
1368.00,0.237068,0.316091,0.110632,-0.173850,0.079023,0.221263,-0.083218,0.100632,0.205459,0.294482,0.278677,0.221263
1376.00,0.232319,0.309759,0.108415,-0.170367,0.077440,0.216831,-0.081952,0.098415,0.201343,0.288783,0.273295,0.216831
1384.00,0.215282,0.287043,0.100465,-0.157873,0.071761,0.200930,-0.077409,0.090465,0.186578,0.268338,0.253986,0.200930
1392.00,0.191801,0.255734,0.089507,-0.140654,0.063934,0.179014,-0.071147,0.079507,0.166227,0.240161,0.227374,0.179014
1400.00,0.177138,0.236184,0.082665,-0.129901,0.059046,0.165329,-0.067237,0.072665,0.153520,0.222566,0.210757,0.165329
1408.00,0.161641,0.215521,0.075432,-0.118536,0.053880,0.150865,-0.063104,0.065432,0.140089,0.203969,0.193193,0.150865
1416.00,0.135604,0.180806,0.063282,-0.099443,0.045201,0.126564,-0.056161,0.053282,0.117524,0.172725,0.163685,0.126564
1424.00,0.114156,0.152207,0.053273,-0.083714,0.038052,0.106545,-0.050441,0.043273,0.098935,0.146987,0.139376,0.106545
1432.00,0.102945,0.137260,0.048041,-0.075493,0.034315,0.096082,-0.047452,0.038041,0.089219,0.133534,0.126671,0.096082
1440.00,0.086045,0.114727,0.040154,-0.063100,0.028682,0.080309,-0.042945,0.030154,0.074572,0.113254,0.107518,0.080309
1448.00,0.064745,0.086327,0.030215,-0.047480,0.021582,0.060429,-0.037265,0.020215,0.056113,0.087694,0.083378,0.060429
1456.00,0.055109,0.073479,0.025718,-0.040413,0.018370,0.051435,-0.034696,0.015718,0.047761,0.076131,0.072457,0.051435
1464.00,0.050114,0.066819,0.023387,-0.036750,0.016705,0.046773,-0.033364,0.013387,0.043432,0.070137,0.066796,0.046773
1472.00,0.036332,0.048443,0.016955,-0.026644,0.012111,0.033910,-0.029689,0.006955,0.031488,0.053599,0.051176,0.033910
1480.00,0.025594,0.034126,0.011944,-0.018769,0.008531,0.023888,-0.026825,0.001944,0.022182,0.040713,0.039007,0.023888
1488.00,0.026511,0.035348,0.012372,-0.019442,0.008837,0.024744,-0.027070,0.002372,0.022976,0.041814,0.040046,0.024744
1496.00,0.023543,0.031390,0.010987,-0.017265,0.007848,0.021973,-0.026278,0.000987,0.020404,0.038251,0.036682,0.021973
1504.00,0.013377,0.017836,0.006243,-0.009810,0.004459,0.012485,-0.023567,-0.003757,0.011593,0.026052,0.025160,0.012485
1512.00,0.012272,0.016362,0.005727,-0.008999,0.004091,0.011454,-0.023272,-0.004273,0.010635,0.024726,0.023908,0.011454
1520.00,0.016956,0.022609,0.007913,-0.012435,0.005652,0.015826,-0.024522,-0.002087,0.014696,0.030348,0.029217,0.015826
1528.00,0.011963,0.015951,0.005583,-0.008773,0.003988,0.011165,-0.023190,-0.004417,0.010368,0.024356,0.023558,0.011165
1536.00,0.005988,0.007983,0.002794,-0.004391,0.001996,0.005588,-0.021597,-0.007206,0.005189,0.017185,0.016786,0.005588
1544.00,0.010935,0.014580,0.005103,-0.008019,0.003645,0.010206,-0.022916,-0.004897,0.009477,0.023122,0.022393,0.010206
1552.00,0.013404,0.017873,0.006255,-0.009830,0.004468,0.012511,-0.023575,-0.003745,0.011617,0.026085,0.025192,0.012511
1560.00,0.006328,0.008438,0.002953,-0.004641,0.002109,0.005906,-0.021688,-0.007047,0.005485,0.017594,0.017172,0.005906
1568.00,0.005616,0.007488,0.002621,-0.004118,0.001872,0.005242,-0.021498,-0.007379,0.004867,0.016739,0.016365,0.005242
1576.00,0.012273,0.016364,0.005727,-0.009000,0.004091,0.011454,-0.023273,-0.004273,0.010636,0.024727,0.023909,0.011454
1584.00,0.009941,0.013254,0.004639,-0.007290,0.003314,0.009278,-0.022651,-0.005361,0.008615,0.021929,0.021266,0.009278
1592.00,0.003695,0.004927,0.001725,-0.002710,0.001232,0.003449,-0.020985,-0.008275,0.003203,0.014434,0.014188,0.003449
1600.00,0.007960,0.010613,0.003715,-0.005837,0.002653,0.007429,-0.022123,-0.006285,0.006898,0.019552,0.019021,0.007429
1608.00,0.012231,0.016308,0.005708,-0.008969,0.004077,0.011416,-0.023262,-0.004292,0.010600,0.024677,0.023862,0.011416
1616.00,0.006009,0.008012,0.002804,-0.004407,0.002003,0.005608,-0.021602,-0.007196,0.005208,0.017211,0.016810,0.005608
1624.00,0.003722,0.004963,0.001737,-0.002730,0.001241,0.003474,-0.020993,-0.008263,0.003226,0.014467,0.014219,0.003474
1632.00,0.010459,0.013945,0.004881,-0.007670,0.003486,0.009762,-0.022789,-0.005119,0.009064,0.022551,0.021853,0.009762
1640.00,0.009880,0.013173,0.004611,-0.007245,0.003293,0.009221,-0.022635,-0.005389,0.008562,0.021856,0.021197,0.009221
1648.00,0.003019,0.004025,0.001409,-0.002214,0.001006,0.002817,-0.020805,-0.008591,0.002616,0.013622,0.013421,0.002817
1656.00,0.005826,0.007768,0.002719,-0.004272,0.001942,0.005438,-0.021554,-0.007281,0.005049,0.016991,0.016603,0.005438
1664.00,0.011290,0.015054,0.005269,-0.008279,0.003763,0.010537,-0.023011,-0.004731,0.009785,0.023548,0.022796,0.010537
1672.00,0.006088,0.008117,0.002841,-0.004465,0.002029,0.005682,-0.021623,-0.007159,0.005276,0.017306,0.016900,0.005682
1680.00,0.002225,0.002966,0.001038,-0.001632,0.000742,0.002076,-0.020593,-0.008962,0.001928,0.012670,0.012521,0.002076
1688.00,0.008526,0.011368,0.003979,-0.006253,0.002842,0.007958,-0.022274,-0.006021,0.007389,0.020232,0.019663,0.007958
1696.00,0.009687,0.012916,0.004521,-0.007104,0.003229,0.009042,-0.022583,-0.005479,0.008396,0.021625,0.020979,0.009042
1704.00,0.002642,0.003523,0.001233,-0.001938,0.000881,0.002466,-0.020705,-0.008767,0.002290,0.013171,0.012995,0.002466
1712.00,0.003917,0.005222,0.001828,-0.002872,0.001306,0.003656,-0.021044,-0.008172,0.003394,0.014700,0.014439,0.003656
1720.00,0.010566,0.014087,0.004931,-0.007748,0.003522,0.009861,-0.022817,-0.005069,0.009157,0.022679,0.021974,0.009861
1728.00,0.007581,0.010108,0.003538,-0.005559,0.002527,0.007075,-0.022022,-0.006462,0.006570,0.019097,0.018592,0.007075
1736.00,0.004346,0.005794,0.002028,-0.003187,0.001449,0.004056,-0.021159,-0.007972,0.003766,0.015215,0.014925,0.004056
1744.00,0.013726,0.018301,0.006405,-0.010065,0.004575,0.012811,-0.023660,-0.003595,0.011895,0.026471,0.025556,0.012811
1752.00,0.023447,0.031262,0.010942,-0.017194,0.007816,0.021884,-0.026252,0.000942,0.020320,0.038136,0.036573,0.021884
1760.00,0.027348,0.036464,0.012762,-0.020055,0.009116,0.025525,-0.027293,0.002762,0.023702,0.042818,0.040994,0.025525
1768.00,0.041402,0.055202,0.019321,-0.030361,0.013801,0.038642,-0.031040,0.009321,0.035881,0.059682,0.056922,0.038642
1776.00,0.065222,0.086963,0.030437,-0.047830,0.021741,0.060874,-0.037393,0.020437,0.056526,0.088267,0.083919,0.060874
1784.00,0.079483,0.105977,0.037092,-0.058287,0.026494,0.074184,-0.041195,0.027092,0.068885,0.105379,0.100080,0.074184
1792.00,0.085420,0.113894,0.039863,-0.062642,0.028473,0.079726,-0.042779,0.029863,0.074031,0.112505,0.106810,0.079726
1800.00,0.094172,0.125562,0.043947,-0.069059,0.031391,0.087894,-0.045112,0.033947,0.081615,0.123006,0.116728,0.087894
1808.00,0.093938,0.125251,0.043838,-0.068888,0.031313,0.087676,-0.045050,0.033838,0.081413,0.122726,0.116463,0.087676
1816.00,0.075524,0.100699,0.035245,-0.055384,0.025175,0.070489,-0.040140,0.025245,0.065454,0.100629,0.095594,0.070489
1824.00,0.056655,0.075541,0.026439,-0.041547,0.018885,0.052878,-0.035108,0.016439,0.049101,0.077987,0.074210,0.052878
1832.00,0.046272,0.061697,0.021594,-0.033933,0.015424,0.043188,-0.032339,0.011594,0.040103,0.065527,0.062442,0.043188
1840.00,0.031026,0.041368,0.014479,-0.022752,0.010342,0.028957,-0.028274,0.004479,0.026889,0.047231,0.045162,0.028957
1848.00,0.013369,0.017825,0.006239,-0.009804,0.004456,0.012478,-0.023565,-0.003761,0.011586,0.026043,0.025151,0.012478
1856.00,0.009232,0.012309,0.004308,-0.006770,0.003077,0.008616,-0.022462,-0.005692,0.008001,0.021078,0.020462,0.008616
1864.00,0.010751,0.014334,0.005017,-0.007884,0.003584,0.010034,-0.022867,-0.004983,0.009317,0.022901,0.022184,0.010034
1872.00,0.003555,0.004740,0.001659,-0.002607,0.001185,0.003318,-0.020948,-0.008341,0.003081,0.014266,0.014029,0.003318
1880.00,-0.001212,-0.001616,-0.000566,0.000889,-0.000404,-0.001131,-0.019677,-0.010566,-0.001050,0.008546,0.008626,-0.001131
1888.00,0.004715,0.006287,0.002200,-0.003458,0.001572,0.004401,-0.021257,-0.007800,0.004086,0.015658,0.015344,0.004401
1896.00,0.005721,0.007628,0.002670,-0.004195,0.001907,0.005339,-0.021526,-0.007330,0.004958,0.016865,0.016483,0.005339
1904.00,-0.001421,-0.001895,-0.000663,0.001042,-0.000474,-0.001326,-0.019621,-0.010663,-0.001232,0.008295,0.008389,-0.001326
1912.00,-0.000303,-0.000404,-0.000141,0.000222,-0.000101,-0.000283,-0.019919,-0.010141,-0.000263,0.009636,0.009656,-0.000283
1920.00,0.005775,0.007700,0.002695,-0.004235,0.001925,0.005390,-0.021540,-0.007305,0.005005,0.016930,0.016545,0.005390
1928.00,-0.002022,-0.002696,-0.000944,0.001483,-0.000674,-0.001887,-0.019461,-0.010944,-0.001753,0.007573,0.007708,-0.001887
1936.00,-0.035634,-0.047512,-0.016629,0.026132,-0.011878,-0.033258,-0.010498,-0.026629,-0.030883,-0.032761,-0.030385,-0.033258
1944.00,-0.095371,-0.127161,-0.044506,0.069938,-0.031790,-0.089013,0.005432,-0.054506,-0.082655,-0.104445,-0.098087,-0.089013
1952.00,-0.070114,-0.093485,-0.032720,0.051417,-0.023371,-0.065440,-0.001303,-0.042720,-0.060766,-0.074137,-0.069463,-0.065440
1960.00,0.187724,0.250299,0.087605,-0.137664,0.062575,0.175209,-0.070060,0.077605,0.162694,0.235269,0.222754,0.175209
1968.00,0.596262,0.795015,0.278255,-0.437259,0.198754,0.556511,-0.179003,0.268255,0.516760,0.725514,0.685763,0.556511
1976.00,0.761966,1.015954,0.355584,-0.558775,0.253989,0.711168,-0.223191,0.345584,0.660370,0.924359,0.873561,0.711168
1984.00,0.445908,0.594544,0.208090,-0.326999,0.148636,0.416181,-0.138909,0.198090,0.386454,0.545090,0.515363,0.416181
1992.00,0.016503,0.022004,0.007701,-0.012102,0.005501,0.015403,-0.024401,-0.002299,0.014302,0.029803,0.028703,0.015403
2000.00,-0.173680,-0.231574,-0.081051,0.127366,-0.057893,-0.162102,0.026315,-0.091051,-0.150523,-0.198417,-0.186838,-0.162102
2008.00,-0.155731,-0.207642,-0.072675,0.114203,-0.051910,-0.145349,0.021528,-0.082675,-0.134967,-0.176877,-0.166495,-0.145349
2016.00,-0.079897,-0.106530,-0.037285,0.058591,-0.026632,-0.074571,0.001306,-0.047285,-0.069244,-0.085877,-0.080550,-0.074571
2024.00,-0.023857,-0.031809,-0.011133,0.017495,-0.007952,-0.022266,-0.013638,-0.021133,-0.020676,-0.018628,-0.017038,-0.022266
2032.00,0.005814,0.007752,0.002713,-0.004264,0.001938,0.005427,-0.021550,-0.007287,0.005039,0.016977,0.016589,0.005427
2040.00,0.012936,0.017248,0.006037,-0.009486,0.004312,0.012073,-0.023450,-0.003963,0.011211,0.025523,0.024660,0.012073
2048.00,0.011139,0.014852,0.005198,-0.008169,0.003713,0.010396,-0.022970,-0.004802,0.009654,0.023367,0.022624,0.010396
2056.00,0.019851,0.026468,0.009264,-0.014557,0.006617,0.018528,-0.025294,-0.000736,0.017204,0.033821,0.032498,0.018528
2064.00,0.032748,0.043664,0.015282,-0.024015,0.010916,0.030565,-0.028733,0.005282,0.028381,0.049297,0.047114,0.030565
2072.00,0.036747,0.048996,0.017149,-0.026948,0.012249,0.034297,-0.029799,0.007149,0.031848,0.054097,0.051647,0.034297
2080.00,0.044010,0.058680,0.020538,-0.032274,0.014670,0.041076,-0.031736,0.010538,0.038142,0.062812,0.059878,0.041076
2088.00,0.063438,0.084583,0.029604,-0.046521,0.021146,0.059208,-0.036917,0.019604,0.054979,0.086125,0.081896,0.059208
2096.00,0.079690,0.106254,0.037189,-0.058439,0.026563,0.074378,-0.041251,0.027189,0.069065,0.105628,0.100316,0.074378
2104.00,0.089524,0.119365,0.041778,-0.065651,0.029841,0.083555,-0.043873,0.031778,0.077587,0.117428,0.111460,0.083555
2112.00,0.109099,0.145466,0.050913,-0.080006,0.036366,0.101826,-0.049093,0.040913,0.094553,0.140919,0.133646,0.101826
2120.00,0.134870,0.179827,0.062939,-0.098905,0.044957,0.125879,-0.055965,0.052939,0.116887,0.171844,0.162853,0.125879
2128.00,0.150915,0.201220,0.070427,-0.110671,0.050305,0.140854,-0.060244,0.060427,0.130793,0.191098,0.181037,0.140854
2136.00,0.165325,0.220434,0.077152,-0.121238,0.055108,0.154303,-0.064087,0.067152,0.143282,0.208390,0.197369,0.154303
2144.00,0.189289,0.252386,0.088335,-0.138812,0.063096,0.176670,-0.070477,0.078335,0.164051,0.237147,0.224528,0.176670
2152.00,0.208638,0.278184,0.097364,-0.153001,0.069546,0.194729,-0.075637,0.087364,0.180819,0.260365,0.246456,0.194729
2160.00,0.215546,0.287394,0.100588,-0.158067,0.071849,0.201176,-0.077479,0.090588,0.186806,0.268655,0.254285,0.201176
2168.00,0.225248,0.300331,0.105116,-0.165182,0.075083,0.210232,-0.080066,0.095116,0.195215,0.280298,0.265282,0.210232
2176.00,0.238226,0.317634,0.111172,-0.174699,0.079409,0.222344,-0.083527,0.101172,0.206462,0.295871,0.279989,0.222344
2184.00,0.237793,0.317058,0.110970,-0.174382,0.079264,0.221940,-0.083412,0.100970,0.206087,0.295352,0.279499,0.221940
2192.00,0.228935,0.305247,0.106837,-0.167886,0.076312,0.213673,-0.081049,0.096837,0.198411,0.284722,0.269460,0.213673
2200.00,0.226230,0.301639,0.105574,-0.165902,0.075410,0.211148,-0.080328,0.095574,0.196066,0.281475,0.266394,0.211148
2208.00,0.219562,0.292749,0.102462,-0.161012,0.073187,0.204924,-0.078550,0.092462,0.190287,0.273474,0.258837,0.204924
2216.00,0.199020,0.265361,0.092876,-0.145948,0.066340,0.185752,-0.073072,0.082876,0.172484,0.248824,0.235556,0.185752
2224.00,0.179772,0.239696,0.083894,-0.131833,0.059924,0.167787,-0.067939,0.073894,0.155803,0.225727,0.213742,0.167787
2232.00,0.167730,0.223640,0.078274,-0.123002,0.055910,0.156548,-0.064728,0.068274,0.145366,0.211276,0.200094,0.156548
2240.00,0.147401,0.196534,0.068787,-0.108094,0.049134,0.137574,-0.059307,0.058787,0.127747,0.186881,0.177054,0.137574
2248.00,0.120624,0.160833,0.056291,-0.088458,0.040208,0.112583,-0.052167,0.046291,0.104541,0.154749,0.146708,0.112583
2256.00,0.104067,0.138755,0.048564,-0.076315,0.034689,0.097129,-0.047751,0.038564,0.090191,0.134880,0.127942,0.097129
2264.00,0.091301,0.121735,0.042607,-0.066954,0.030434,0.085214,-0.044347,0.032607,0.079127,0.119561,0.113474,0.085214
2272.00,0.069441,0.092587,0.032406,-0.050923,0.023147,0.064811,-0.038517,0.022406,0.060182,0.093329,0.088699,0.064811
2280.00,0.050771,0.067695,0.023693,-0.037232,0.016924,0.047387,-0.033539,0.013693,0.044002,0.070926,0.067541,0.047387
2288.00,0.044253,0.059004,0.020651,-0.032452,0.014751,0.041303,-0.031801,0.010651,0.038352,0.063103,0.060153,0.041303
2296.00,0.034581,0.046109,0.016138,-0.025360,0.011527,0.032276,-0.029222,0.006138,0.029971,0.051498,0.049192,0.032276
2304.00,0.018580,0.024773,0.008671,-0.013625,0.006193,0.017341,-0.024955,-0.001329,0.016103,0.032296,0.031057,0.017341
2312.00,0.012552,0.016736,0.005858,-0.009205,0.004184,0.011715,-0.023347,-0.004142,0.010878,0.025062,0.024225,0.011715
2320.00,0.013204,0.017605,0.006162,-0.009683,0.004401,0.012323,-0.023521,-0.003838,0.011443,0.025844,0.024964,0.012323
2328.00,0.004995,0.006661,0.002331,-0.003663,0.001665,0.004662,-0.021332,-0.007669,0.004329,0.015995,0.015662,0.004662
2336.00,-0.003476,-0.004635,-0.001622,0.002549,-0.001159,-0.003244,-0.019073,-0.011622,-0.003013,0.005829,0.006061,-0.003244
2344.00,-0.000419,-0.000559,-0.000196,0.000308,-0.000140,-0.000391,-0.019888,-0.010196,-0.000363,0.009497,0.009525,-0.000391
2352.00,0.000653,0.000870,0.000305,-0.000479,0.000218,0.000609,-0.020174,-0.009695,0.000566,0.010783,0.010740,0.000609
2360.00,-0.007433,-0.009910,-0.003469,0.005451,-0.002478,-0.006937,-0.018018,-0.013469,-0.006442,0.001081,0.001576,-0.006937
2368.00,-0.008857,-0.011810,-0.004133,0.006495,-0.002952,-0.008267,-0.017638,-0.014133,-0.007676,-0.000629,-0.000038,-0.008267
2376.00,-0.002692,-0.003589,-0.001256,0.001974,-0.000897,-0.002512,-0.019282,-0.011256,-0.002333,0.006770,0.006949,-0.002512
2384.00,-0.005355,-0.007140,-0.002499,0.003927,-0.001785,-0.004998,-0.018572,-0.012499,-0.004641,0.003574,0.003931,-0.004998
2392.00,-0.011818,-0.015757,-0.005515,0.008666,-0.003939,-0.011030,-0.016849,-0.015515,-0.010242,-0.004182,-0.003394,-0.011030
2400.00,-0.007693,-0.010257,-0.003590,0.005641,-0.002564,-0.007180,-0.017949,-0.013590,-0.006667,0.000769,0.001282,-0.007180
2408.00,-0.003507,-0.004676,-0.001637,0.002572,-0.001169,-0.003273,-0.019065,-0.011637,-0.003040,0.005791,0.006025,-0.003273
2416.00,-0.009779,-0.013039,-0.004564,0.007172,-0.003260,-0.009127,-0.017392,-0.014564,-0.008475,-0.001735,-0.001083,-0.009127
2424.00,-0.012092,-0.016123,-0.005643,0.008868,-0.004031,-0.011286,-0.016775,-0.015643,-0.010480,-0.004511,-0.003705,-0.011286
2432.00,-0.005366,-0.007155,-0.002504,0.003935,-0.001789,-0.005008,-0.018569,-0.012504,-0.004651,0.003561,0.003918,-0.005008
2440.00,-0.005945,-0.007927,-0.002774,0.004360,-0.001982,-0.005549,-0.018415,-0.012774,-0.005152,0.002866,0.003262,-0.005549
2448.00,-0.012799,-0.017065,-0.005973,0.009386,-0.004266,-0.011946,-0.016587,-0.015973,-0.011092,-0.005359,-0.004505,-0.011946
2456.00,-0.009979,-0.013305,-0.004657,0.007318,-0.003326,-0.009313,-0.017339,-0.014657,-0.008648,-0.001974,-0.001309,-0.009313
2464.00,-0.004498,-0.005997,-0.002099,0.003298,-0.001499,-0.004198,-0.018801,-0.012099,-0.003898,0.004603,0.004903,-0.004198
2472.00,-0.009680,-0.012906,-0.004517,0.007099,-0.003227,-0.009035,-0.017419,-0.014517,-0.008389,-0.001616,-0.000970,-0.009035
2480.00,-0.013521,-0.018027,-0.006310,0.009915,-0.004507,-0.012619,-0.016395,-0.016310,-0.011718,-0.006225,-0.005323,-0.012619
2488.00,-0.007196,-0.009595,-0.003358,0.005277,-0.002399,-0.006716,-0.018081,-0.013358,-0.006237,0.001365,0.001844,-0.006716
2496.00,-0.006018,-0.008024,-0.002809,0.004413,-0.002006,-0.005617,-0.018395,-0.012809,-0.005216,0.002778,0.003179,-0.005617
2504.00,-0.013073,-0.017431,-0.006101,0.009587,-0.004358,-0.012201,-0.016514,-0.016101,-0.011330,-0.005687,-0.004816,-0.012201
2512.00,-0.011891,-0.015855,-0.005549,0.008720,-0.003964,-0.011099,-0.016829,-0.015549,-0.010306,-0.004270,-0.003477,-0.011099
2520.00,-0.005558,-0.007411,-0.002594,0.004076,-0.001853,-0.005188,-0.018518,-0.012594,-0.004817,0.003330,0.003701,-0.005188
2528.00,-0.009380,-0.012506,-0.004377,0.006879,-0.003127,-0.008755,-0.017499,-0.014377,-0.008129,-0.001256,-0.000631,-0.008755
2536.00,-0.014515,-0.019354,-0.006774,0.010645,-0.004838,-0.013548,-0.016129,-0.016774,-0.012580,-0.007418,-0.006451,-0.013548
2544.00,-0.008911,-0.011882,-0.004159,0.006535,-0.002970,-0.008317,-0.017624,-0.014159,-0.007723,-0.000694,-0.000100,-0.008317
2552.00,-0.005768,-0.007691,-0.002692,0.004230,-0.001923,-0.005384,-0.018462,-0.012692,-0.004999,0.003078,0.003462,-0.005384
2560.00,-0.011829,-0.015771,-0.005520,0.008674,-0.003943,-0.011040,-0.016846,-0.015520,-0.010251,-0.004194,-0.003406,-0.011040
2568.00,-0.010630,-0.014173,-0.004961,0.007795,-0.003543,-0.009921,-0.017165,-0.014961,-0.009213,-0.002756,-0.002047,-0.009921
2576.00,-0.000326,-0.000435,-0.000152,0.000239,-0.000109,-0.000305,-0.019913,-0.010152,-0.000283,0.009608,0.009630,-0.000305
2584.00,0.003781,0.005041,0.001764,-0.002772,0.001260,0.003529,-0.021008,-0.008236,0.003276,0.014537,0.014285,0.003529
2592.00,0.007702,0.010270,0.003594,-0.005648,0.002567,0.007189,-0.022054,-0.006406,0.006675,0.019243,0.018729,0.007189
2600.00,0.026078,0.034771,0.012170,-0.019124,0.008693,0.024340,-0.026954,0.002170,0.022601,0.041294,0.039555,0.024340
2608.00,0.047260,0.063013,0.022055,-0.034657,0.015753,0.044109,-0.032603,0.012055,0.040958,0.066712,0.063561,0.044109
2616.00,0.057997,0.077329,0.027065,-0.042531,0.019332,0.054131,-0.035466,0.017065,0.050264,0.079597,0.075730,0.054131
2624.00,0.068929,0.091905,0.032167,-0.050548,0.022976,0.064334,-0.038381,0.022167,0.059738,0.092715,0.088120,0.064334
2632.00,0.081646,0.108861,0.038101,-0.059874,0.027215,0.076203,-0.041772,0.028101,0.070760,0.107975,0.102532,0.076203
2640.00,0.078103,0.104137,0.036448,-0.057275,0.026034,0.072896,-0.040827,0.026448,0.067689,0.103723,0.098517,0.072896
2648.00,0.060211,0.080282,0.028099,-0.044155,0.020070,0.056197,-0.036056,0.018099,0.052183,0.082253,0.078239,0.056197
2656.00,0.046972,0.062629,0.021920,-0.034446,0.015657,0.043840,-0.032526,0.011920,0.040709,0.066366,0.063235,0.043840
2664.00,0.035241,0.046988,0.016446,-0.025843,0.011747,0.032892,-0.029398,0.006446,0.030542,0.052289,0.049940,0.032892
2672.00,0.014902,0.019870,0.006954,-0.010928,0.004967,0.013909,-0.023974,-0.003046,0.012915,0.027883,0.026889,0.013909
2680.00,-0.000348,-0.000464,-0.000162,0.000255,-0.000116,-0.000325,-0.019907,-0.010162,-0.000302,0.009582,0.009605,-0.000325
2688.00,-0.001503,-0.002003,-0.000701,0.001102,-0.000501,-0.001402,-0.019599,-0.010701,-0.001302,0.008197,0.008297,-0.001402
2696.00,-0.004634,-0.006178,-0.002162,0.003398,-0.001545,-0.004325,-0.018764,-0.012162,-0.004016,0.004440,0.004749,-0.004325
2704.00,-0.013877,-0.018503,-0.006476,0.010177,-0.004626,-0.012952,-0.016299,-0.016476,-0.012027,-0.006653,-0.005728,-0.012952
2712.00,-0.013673,-0.018230,-0.006381,0.010027,-0.004558,-0.012761,-0.016354,-0.016381,-0.011850,-0.006407,-0.005496,-0.012761
2720.00,-0.007714,-0.010285,-0.003600,0.005657,-0.002571,-0.007199,-0.017943,-0.013600,-0.006685,0.000744,0.001258,-0.007199
2728.00,-0.011652,-0.015536,-0.005438,0.008545,-0.003884,-0.010875,-0.016893,-0.015438,-0.010098,-0.003982,-0.003206,-0.010875
2736.00,-0.016825,-0.022433,-0.007852,0.012338,-0.005608,-0.015703,-0.015513,-0.017852,-0.014582,-0.010190,-0.009068,-0.015703
2744.00,-0.011297,-0.015062,-0.005272,0.008284,-0.003766,-0.010544,-0.016988,-0.015272,-0.009790,-0.003556,-0.002803,-0.010544
2752.00,-0.008522,-0.011363,-0.003977,0.006250,-0.002841,-0.007954,-0.017727,-0.013977,-0.007386,-0.000227,0.000341,-0.007954
2760.00,-0.017854,-0.023805,-0.008332,0.013093,-0.005951,-0.016663,-0.015239,-0.018332,-0.015473,-0.011424,-0.010234,-0.016663
2768.00,-0.040276,-0.053701,-0.018796,0.029536,-0.013425,-0.037591,-0.009260,-0.028796,-0.034906,-0.038331,-0.035646,-0.037591
2776.00,-0.096258,-0.128344,-0.044920,0.070589,-0.032086,-0.089840,0.005669,-0.054920,-0.083423,-0.105509,-0.099092,-0.089840
2784.00,-0.104801,-0.139735,-0.048907,0.076854,-0.034934,-0.097814,0.007947,-0.058907,-0.090828,-0.115761,-0.108774,-0.097814
2792.00,0.111402,0.148537,0.051988,-0.081695,0.037134,0.103976,-0.049707,0.041988,0.096549,0.143683,0.136256,0.103976
2800.00,0.522074,0.696098,0.243634,-0.382854,0.174025,0.487269,-0.159220,0.233634,0.452464,0.636488,0.601683,0.487269
2808.00,0.757425,1.009901,0.353465,-0.555445,0.252475,0.706930,-0.221980,0.343465,0.656435,0.918910,0.868415,0.706930
2816.00,0.503312,0.671082,0.234879,-0.369095,0.167771,0.469757,-0.154216,0.224879,0.436203,0.613974,0.580420,0.469757
2824.00,0.062568,0.083424,0.029198,-0.045883,0.020856,0.058397,-0.036685,0.019198,0.054226,0.085082,0.080911,0.058397
2832.00,-0.169124,-0.225499,-0.078925,0.124024,-0.056375,-0.157849,0.025100,-0.088925,-0.146574,-0.192949,-0.181674,-0.157849
2840.00,-0.181119,-0.241491,-0.084522,0.132820,-0.060373,-0.169044,0.028298,-0.094522,-0.156969,-0.207342,-0.195268,-0.169044
2848.00,-0.108504,-0.144672,-0.050635,0.079570,-0.036168,-0.101270,0.008934,-0.060635,-0.094037,-0.120205,-0.112971,-0.101270
2856.00,-0.040669,-0.054225,-0.018979,0.029824,-0.013556,-0.037958,-0.009155,-0.028979,-0.035246,-0.038803,-0.036091,-0.037958
2864.00,-0.007523,-0.010031,-0.003511,0.005517,-0.002508,-0.007022,-0.017994,-0.013511,-0.006520,0.000972,0.001474,-0.007022
2872.00,-0.003574,-0.004765,-0.001668,0.002621,-0.001191,-0.003335,-0.019047,-0.011668,-0.003097,0.005712,0.005950,-0.003335
2880.00,-0.002184,-0.002911,-0.001019,0.001601,-0.000728,-0.002038,-0.019418,-0.011019,-0.001892,0.007380,0.007525,-0.002038
2888.00,0.009947,0.013263,0.004642,-0.007294,0.003316,0.009284,-0.022653,-0.005358,0.008621,0.021936,0.021273,0.009284
2896.00,0.018398,0.024531,0.008586,-0.013492,0.006133,0.017172,-0.024906,-0.001414,0.015945,0.032078,0.030852,0.017172
2904.00,0.020353,0.027138,0.009498,-0.014926,0.006784,0.018996,-0.025428,-0.000502,0.017639,0.034424,0.033067,0.018996
2912.00,0.032447,0.043262,0.015142,-0.023794,0.010816,0.030284,-0.028652,0.005142,0.028121,0.048936,0.046773,0.030284
2920.00,0.051685,0.068914,0.024120,-0.037903,0.017228,0.048240,-0.033783,0.014120,0.044794,0.072023,0.068577,0.048240
2928.00,0.062749,0.083665,0.029283,-0.046016,0.020916,0.058566,-0.036733,0.019283,0.054382,0.085299,0.081115,0.058566
2936.00,0.074326,0.099101,0.034686,-0.054506,0.024775,0.069371,-0.039820,0.024686,0.064416,0.099191,0.094236,0.069371
2944.00,0.098141,0.130854,0.045799,-0.071970,0.032714,0.091598,-0.046171,0.035799,0.085055,0.127769,0.121226,0.091598
2952.00,0.120433,0.160578,0.056202,-0.088318,0.040144,0.112404,-0.052116,0.046202,0.104376,0.154520,0.146491,0.112404
2960.00,0.133607,0.178143,0.062350,-0.097978,0.044536,0.124700,-0.055629,0.052350,0.115793,0.170328,0.161421,0.124700
2968.00,0.152898,0.203863,0.071352,-0.112125,0.050966,0.142704,-0.060773,0.061352,0.132511,0.193477,0.183284,0.142704
2976.00,0.178533,0.238045,0.083316,-0.130925,0.059511,0.166631,-0.067609,0.073316,0.154729,0.224240,0.212338,0.166631
2984.00,0.193331,0.257774,0.090221,-0.141776,0.064444,0.180442,-0.071555,0.080221,0.167553,0.241997,0.229108,0.180442
2992.00,0.201555,0.268740,0.094059,-0.147807,0.067185,0.188118,-0.073748,0.084059,0.174681,0.251866,0.238429,0.188118
3000.00,0.216901,0.289202,0.101221,-0.159061,0.072300,0.202441,-0.077840,0.091221,0.187981,0.270282,0.255821,0.202441
3008.00,0.228287,0.304383,0.106534,-0.167411,0.076096,0.213068,-0.080877,0.096534,0.197849,0.283945,0.268725,0.213068
3016.00,0.224832,0.299776,0.104922,-0.164877,0.074944,0.209843,-0.079955,0.094922,0.194854,0.279798,0.264810,0.209843
3024.00,0.220821,0.294428,0.103050,-0.161935,0.073607,0.206100,-0.078886,0.093050,0.191378,0.274985,0.260264,0.206100
3032.00,0.221448,0.295264,0.103342,-0.162395,0.073816,0.206685,-0.079053,0.093342,0.191921,0.275737,0.260974,0.206685
3040.00,0.210720,0.280959,0.098336,-0.154528,0.070240,0.196672,-0.076192,0.088336,0.182624,0.262864,0.248816,0.196672
3048.00,0.190225,0.253634,0.088772,-0.139499,0.063408,0.177544,-0.070727,0.078772,0.164862,0.238270,0.225589,0.177544
3056.00,0.176631,0.235508,0.082428,-0.129529,0.058877,0.164855,-0.067102,0.072428,0.153080,0.221957,0.210182,0.164855
3064.00,0.163738,0.218317,0.076411,-0.120074,0.054579,0.152822,-0.063663,0.066411,0.141906,0.206485,0.195569,0.152822
3072.00,0.139069,0.185426,0.064899,-0.101984,0.046356,0.129798,-0.057085,0.054899,0.120527,0.176883,0.167612,0.129798
3080.00,0.115447,0.153929,0.053875,-0.084661,0.038482,0.107750,-0.050786,0.043875,0.100054,0.148536,0.140840,0.107750
3088.00,0.102427,0.136569,0.047799,-0.075113,0.034142,0.095598,-0.047314,0.037799,0.088770,0.132912,0.126084,0.095598
3096.00,0.085307,0.113743,0.039810,-0.062559,0.028436,0.079620,-0.042749,0.029810,0.073933,0.112369,0.106681,0.079620
3104.00,0.061463,0.081951,0.028683,-0.045073,0.020488,0.057366,-0.036390,0.018683,0.053268,0.083756,0.079658,0.057366
3112.00,0.047670,0.063560,0.022246,-0.034958,0.015890,0.044492,-0.032712,0.012246,0.041314,0.067204,0.064026,0.044492
3120.00,0.041001,0.054668,0.019134,-0.030067,0.013667,0.038267,-0.030934,0.009134,0.035534,0.059201,0.056467,0.038267
3128.00,0.026171,0.034894,0.012213,-0.019192,0.008724,0.024426,-0.026979,0.002213,0.022681,0.041405,0.039660,0.024426
3136.00,0.011927,0.015903,0.005566,-0.008747,0.003976,0.011132,-0.023181,-0.004434,0.010337,0.024313,0.023518,0.011132
3144.00,0.010121,0.013495,0.004723,-0.007422,0.003374,0.009446,-0.022699,-0.005277,0.008772,0.022145,0.021471,0.009446
3152.00,0.007227,0.009635,0.003372,-0.005299,0.002409,0.006745,-0.021927,-0.006628,0.006263,0.018672,0.018190,0.006745
3160.00,-0.003994,-0.005326,-0.001864,0.002929,-0.001331,-0.003728,-0.018935,-0.011864,-0.003462,0.005207,0.005473,-0.003728
3168.00,-0.007820,-0.010426,-0.003649,0.005734,-0.002607,-0.007298,-0.017915,-0.013649,-0.006777,0.000617,0.001138,-0.007298
3176.00,-0.003432,-0.004576,-0.001601,0.002517,-0.001144,-0.003203,-0.019085,-0.011601,-0.002974,0.005882,0.006111,-0.003203
3184.00,-0.007363,-0.009817,-0.003436,0.005399,-0.002454,-0.006872,-0.018037,-0.013436,-0.006381,0.001165,0.001656,-0.006872
3192.00,-0.014690,-0.019587,-0.006855,0.010773,-0.004897,-0.013711,-0.016083,-0.016855,-0.012731,-0.007628,-0.006649,-0.013711
3200.00,-0.011120,-0.014827,-0.005189,0.008155,-0.003707,-0.010379,-0.017035,-0.015189,-0.009637,-0.003344,-0.002603,-0.010379
3208.00,-0.007259,-0.009678,-0.003387,0.005323,-0.002420,-0.006775,-0.018064,-0.013387,-0.006291,0.001289,0.001773,-0.006775
3216.00,-0.013688,-0.018250,-0.006388,0.010038,-0.004563,-0.012775,-0.016350,-0.016388,-0.011863,-0.006425,-0.005513,-0.012775
3224.00,-0.016039,-0.021385,-0.007485,0.011762,-0.005346,-0.014970,-0.015723,-0.017485,-0.013900,-0.009247,-0.008177,-0.014970
3232.00,-0.009269,-0.012359,-0.004326,0.006797,-0.003090,-0.008651,-0.017528,-0.014326,-0.008033,-0.001123,-0.000505,-0.008651
3240.00,-0.009749,-0.012999,-0.004550,0.007150,-0.003250,-0.009099,-0.017400,-0.014550,-0.008450,-0.001699,-0.001049,-0.009099
3248.00,-0.016468,-0.021957,-0.007685,0.012077,-0.005489,-0.015370,-0.015609,-0.017685,-0.014272,-0.009762,-0.008664,-0.015370
3256.00,-0.013489,-0.017986,-0.006295,0.009892,-0.004496,-0.012590,-0.016403,-0.016295,-0.011691,-0.006187,-0.005288,-0.012590
3264.00,-0.007835,-0.010446,-0.003656,0.005745,-0.002612,-0.007312,-0.017911,-0.013656,-0.006790,0.000598,0.001121,-0.007312
3272.00,-0.012834,-0.017112,-0.005989,0.009411,-0.004278,-0.011978,-0.016578,-0.015989,-0.011123,-0.005401,-0.004545,-0.011978
3280.00,-0.016486,-0.021981,-0.007693,0.012090,-0.005495,-0.015387,-0.015604,-0.017693,-0.014288,-0.009783,-0.008684,-0.015387
3288.00,-0.009969,-0.013292,-0.004652,0.007311,-0.003323,-0.009305,-0.017342,-0.014652,-0.008640,-0.001963,-0.001299,-0.009305
3296.00,-0.008597,-0.011463,-0.004012,0.006304,-0.002866,-0.008024,-0.017707,-0.014012,-0.007451,-0.000316,0.000257,-0.008024
3304.00,-0.015456,-0.020608,-0.007213,0.011334,-0.005152,-0.014425,-0.015878,-0.017213,-0.013395,-0.008547,-0.007517,-0.014425
3312.00,-0.014078,-0.018771,-0.006570,0.010324,-0.004693,-0.013140,-0.016246,-0.016570,-0.012201,-0.006894,-0.005955,-0.013140
3320.00,-0.007550,-0.010067,-0.003523,0.005537,-0.002517,-0.007047,-0.017987,-0.013523,-0.006543,0.000940,0.001443,-0.007047
3328.00,-0.011183,-0.014911,-0.005219,0.008201,-0.003728,-0.010438,-0.017018,-0.015219,-0.009692,-0.003420,-0.002674,-0.010438
3336.00,-0.016154,-0.021539,-0.007539,0.011846,-0.005385,-0.015077,-0.015692,-0.017539,-0.014000,-0.009385,-0.008308,-0.015077
3344.00,-0.010457,-0.013943,-0.004880,0.007668,-0.003486,-0.009760,-0.017211,-0.014880,-0.009063,-0.002548,-0.001851,-0.009760
3352.00,-0.007414,-0.009886,-0.003460,0.005437,-0.002471,-0.006920,-0.018023,-0.013460,-0.006426,0.001103,0.001597,-0.006920
3360.00,-0.014033,-0.018711,-0.006549,0.010291,-0.004678,-0.013098,-0.016258,-0.016549,-0.012162,-0.006840,-0.005905,-0.013098
3368.00,-0.014350,-0.019133,-0.006697,0.010523,-0.004783,-0.013393,-0.016173,-0.016697,-0.012436,-0.007220,-0.006263,-0.013393
3376.00,-0.007288,-0.009718,-0.003401,0.005345,-0.002429,-0.006802,-0.018056,-0.013401,-0.006316,0.001254,0.001740,-0.006802
3384.00,-0.009081,-0.012108,-0.004238,0.006659,-0.003027,-0.008476,-0.017578,-0.014238,-0.007870,-0.000897,-0.000292,-0.008476
3392.00,-0.014400,-0.019200,-0.006720,0.010560,-0.004800,-0.013440,-0.016160,-0.016720,-0.012480,-0.007280,-0.006320,-0.013440
3400.00,-0.008351,-0.011134,-0.003897,0.006124,-0.002784,-0.007794,-0.017773,-0.013897,-0.007237,-0.000021,0.000536,-0.007794
3408.00,-0.000667,-0.000889,-0.000311,0.000489,-0.000222,-0.000623,-0.019822,-0.010311,-0.000578,0.009200,0.009244,-0.000623
3416.00,-0.000832,-0.001109,-0.000388,0.000610,-0.000277,-0.000776,-0.019778,-0.010388,-0.000721,0.009002,0.009057,-0.000776
3424.00,0.006563,0.008751,0.003063,-0.004813,0.002188,0.006126,-0.021750,-0.006937,0.005688,0.017876,0.017438,0.006126
3432.00,0.026983,0.035977,0.012592,-0.019787,0.008994,0.025184,-0.027195,0.002592,0.023385,0.042379,0.040580,0.025184
3440.00,0.043197,0.057596,0.020159,-0.031678,0.014399,0.040317,-0.031519,0.010159,0.037437,0.061836,0.058957,0.040317
3448.00,0.053741,0.071654,0.025079,-0.039410,0.017914,0.050158,-0.034331,0.015079,0.046575,0.074489,0.070906,0.050158
3456.00,0.070868,0.094491,0.033072,-0.051970,0.023623,0.066144,-0.038898,0.023072,0.061419,0.095042,0.090317,0.066144
3464.00,0.083910,0.111880,0.039158,-0.061534,0.027970,0.078316,-0.042376,0.029158,0.072722,0.110692,0.105098,0.078316
3472.00,0.077455,0.103273,0.036146,-0.056800,0.025818,0.072291,-0.040655,0.026146,0.067127,0.102946,0.097782,0.072291
3480.00,0.063948,0.085264,0.029842,-0.046895,0.021316,0.059685,-0.037053,0.019842,0.055421,0.086737,0.082474,0.059685
3488.00,0.054978,0.073304,0.025657,-0.040317,0.018326,0.051313,-0.034661,0.015657,0.047648,0.075974,0.072309,0.051313
3496.00,0.039078,0.052104,0.018236,-0.028657,0.013026,0.036473,-0.030421,0.008236,0.033867,0.056893,0.054288,0.036473
3504.00,0.016559,0.022078,0.007727,-0.012143,0.005520,0.015455,-0.024416,-0.002273,0.014351,0.029870,0.028766,0.015455
3512.00,0.005855,0.007806,0.002732,-0.004293,0.001952,0.005464,-0.021561,-0.007268,0.005074,0.017026,0.016635,0.005464
3520.00,0.004285,0.005713,0.002000,-0.003142,0.001428,0.003999,-0.021143,-0.008000,0.003714,0.015142,0.014856,0.003999
3528.00,-0.004114,-0.005485,-0.001920,0.003017,-0.001371,-0.003840,-0.018903,-0.011920,-0.003566,0.005063,0.005337,-0.003840
3536.00,-0.011559,-0.015412,-0.005394,0.008476,-0.003853,-0.010788,-0.016918,-0.015394,-0.010018,-0.003870,-0.003100,-0.010788
3544.00,-0.006992,-0.009323,-0.003263,0.005128,-0.002331,-0.006526,-0.018135,-0.013263,-0.006060,0.001609,0.002076,-0.006526
3552.00,-0.004397,-0.005863,-0.002052,0.003225,-0.001466,-0.004104,-0.018827,-0.012052,-0.003811,0.004723,0.005016,-0.004104
3560.00,-0.011165,-0.014886,-0.005210,0.008187,-0.003722,-0.010420,-0.017023,-0.015210,-0.009676,-0.003397,-0.002653,-0.010420
3568.00,-0.011528,-0.015371,-0.005380,0.008454,-0.003843,-0.010759,-0.016926,-0.015380,-0.009991,-0.003834,-0.003065,-0.010759
3576.00,-0.004532,-0.006043,-0.002115,0.003324,-0.001511,-0.004230,-0.018791,-0.012115,-0.003928,0.004561,0.004863,-0.004230
3584.00,-0.006604,-0.008805,-0.003082,0.004843,-0.002201,-0.006164,-0.018239,-0.013082,-0.005723,0.002075,0.002516,-0.006164
3592.00,-0.014164,-0.018886,-0.006610,0.010387,-0.004721,-0.013220,-0.016223,-0.016610,-0.012276,-0.006997,-0.006053,-0.013220
3600.00,-0.026047,-0.034729,-0.012155,0.019101,-0.008682,-0.024310,-0.013054,-0.022155,-0.022574,-0.021256,-0.019520,-0.024310
3608.00,-0.079219,-0.105625,-0.036969,0.058094,-0.026406,-0.073938,0.001125,-0.046969,-0.068656,-0.085063,-0.079782,-0.073938
3616.00,-0.114600,-0.152800,-0.053480,0.084040,-0.038200,-0.106960,0.010560,-0.063480,-0.099320,-0.127520,-0.119880,-0.106960
3624.00,0.062284,0.083046,0.029066,-0.045675,0.020761,0.058132,-0.036609,0.019066,0.053980,0.084741,0.080589,0.058132
3632.00,0.462104,0.616139,0.215649,-0.338876,0.154035,0.431297,-0.143228,0.205649,0.400490,0.564525,0.533718,0.431297
3640.00,0.754331,1.005775,0.352021,-0.553176,0.251444,0.704043,-0.221155,0.342021,0.653754,0.915198,0.864909,0.704043
3648.00,0.575326,0.767101,0.268485,-0.421905,0.191775,0.536970,-0.173420,0.258485,0.498615,0.700391,0.662036,0.536970
3656.00,0.136549,0.182065,0.063723,-0.100136,0.045516,0.127446,-0.056413,0.053723,0.118342,0.173859,0.164755,0.127446
3664.00,-0.140367,-0.187156,-0.065505,0.102936,-0.046789,-0.131010,0.017431,-0.075505,-0.121652,-0.158441,-0.149083,-0.131010
3672.00,-0.186187,-0.248249,-0.086887,0.136537,-0.062062,-0.173775,0.029650,-0.096887,-0.161362,-0.213424,-0.201012,-0.173775
3680.00,-0.116135,-0.154847,-0.054196,0.085166,-0.038712,-0.108393,0.010969,-0.064196,-0.100650,-0.129362,-0.121620,-0.108393
3688.00,-0.038554,-0.051405,-0.017992,0.028273,-0.012851,-0.035983,-0.009719,-0.027992,-0.033413,-0.036264,-0.033694,-0.035983
3696.00,-0.004280,-0.005707,-0.001998,0.003139,-0.001427,-0.003995,-0.018859,-0.011998,-0.003710,0.004863,0.005149,-0.003995
3704.00,-0.000306,-0.000408,-0.000143,0.000224,-0.000102,-0.000285,-0.019918,-0.010143,-0.000265,0.009633,0.009654,-0.000285
3712.00,0.006440,0.008586,0.003005,-0.004722,0.002147,0.006010,-0.021717,-0.006995,0.005581,0.017728,0.017298,0.006010
3720.00,0.018559,0.024745,0.008661,-0.013610,0.006186,0.017321,-0.024949,-0.001339,0.016084,0.032270,0.031033,0.017321
3728.00,0.021909,0.029213,0.010224,-0.016067,0.007303,0.020449,-0.025843,0.000224,0.018988,0.036291,0.034831,0.020449
3736.00,0.025623,0.034163,0.011957,-0.018790,0.008541,0.023914,-0.026833,0.001957,0.022206,0.040747,0.039039,0.023914
3744.00,0.041881,0.055842,0.019545,-0.030713,0.013960,0.039089,-0.031168,0.009545,0.036297,0.060258,0.057465,0.039089
3752.00,0.057469,0.076625,0.026819,-0.042144,0.019156,0.053638,-0.035325,0.016819,0.049806,0.078963,0.075131,0.053638
3760.00,0.065383,0.087178,0.030512,-0.047948,0.021794,0.061025,-0.037436,0.020512,0.056666,0.088460,0.084101,0.061025
3768.00,0.081463,0.108618,0.038016,-0.059740,0.027154,0.076033,-0.041724,0.028016,0.070602,0.107756,0.102325,0.076033
3776.00,0.106487,0.141983,0.049694,-0.078090,0.035496,0.099388,-0.048397,0.039694,0.092289,0.137784,0.130685,0.099388
3784.00,0.123705,0.164941,0.057729,-0.090717,0.041235,0.115458,-0.052988,0.047729,0.107211,0.158446,0.150199,0.115458
3792.00,0.137646,0.183528,0.064235,-0.100940,0.045882,0.128470,-0.056706,0.054235,0.119293,0.175175,0.165999,0.128470
3800.00,0.162045,0.216060,0.075621,-0.118833,0.054015,0.151242,-0.063212,0.065621,0.140439,0.204454,0.193651,0.151242
3808.00,0.185611,0.247481,0.086618,-0.136115,0.061870,0.173237,-0.069496,0.076618,0.160863,0.232733,0.220359,0.173237
3816.00,0.197003,0.262671,0.091935,-0.144469,0.065668,0.183870,-0.072534,0.081935,0.170736,0.246404,0.233270,0.183870
3824.00,0.209822,0.279763,0.097917,-0.153870,0.069941,0.195834,-0.075953,0.087917,0.181846,0.261786,0.247798,0.195834
3832.00,0.228401,0.304534,0.106587,-0.167494,0.076134,0.213174,-0.080907,0.096587,0.197947,0.284081,0.268854,0.213174
3840.00,0.235787,0.314383,0.110034,-0.172910,0.078596,0.220068,-0.082877,0.100034,0.204349,0.292944,0.277225,0.220068
3848.00,0.232595,0.310126,0.108544,-0.170569,0.077532,0.217088,-0.082025,0.098544,0.201582,0.289113,0.273607,0.217088
3856.00,0.234587,0.312783,0.109474,-0.172030,0.078196,0.218948,-0.082557,0.099474,0.203309,0.291504,0.275865,0.218948
3864.00,0.234816,0.313087,0.109581,-0.172198,0.078272,0.219161,-0.082617,0.099581,0.203507,0.291779,0.276124,0.219161
3872.00,0.220264,0.293686,0.102790,-0.161527,0.073421,0.205580,-0.078737,0.092790,0.190896,0.274317,0.259633,0.205580
3880.00,0.203461,0.271281,0.094948,-0.149205,0.067820,0.189897,-0.074256,0.084948,0.176333,0.254153,0.240589,0.189897
3888.00,0.193922,0.258562,0.090497,-0.142209,0.064641,0.180994,-0.071712,0.080497,0.168066,0.242706,0.229778,0.180994
3896.00,0.177137,0.236182,0.082664,-0.129900,0.059046,0.165328,-0.067236,0.072664,0.153518,0.222564,0.210755,0.165328
3904.00,0.150865,0.201154,0.070404,-0.110635,0.050288,0.140808,-0.060231,0.060404,0.130750,0.191038,0.180981,0.140808
3912.00,0.132401,0.176535,0.061787,-0.097094,0.044134,0.123574,-0.055307,0.051787,0.114748,0.168881,0.160055,0.123574
3920.00,0.119408,0.159211,0.055724,-0.087566,0.039803,0.111448,-0.051842,0.045724,0.103487,0.153290,0.145329,0.111448
3928.00,0.097207,0.129609,0.045363,-0.071285,0.032402,0.090726,-0.045922,0.035363,0.084246,0.126648,0.120168,0.090726
3936.00,0.075108,0.100144,0.035050,-0.055079,0.025036,0.070101,-0.040029,0.025050,0.065094,0.100129,0.095122,0.070101
3944.00,0.065449,0.087265,0.030543,-0.047996,0.021816,0.061085,-0.037453,0.020543,0.056722,0.088538,0.084175,0.061085
3952.00,0.055088,0.073451,0.025708,-0.040398,0.018363,0.051416,-0.034690,0.015708,0.047743,0.076106,0.072433,0.051416
3960.00,0.037063,0.049418,0.017296,-0.027180,0.012354,0.034592,-0.029884,0.007296,0.032121,0.054476,0.052005,0.034592
3968.00,0.027262,0.036350,0.012722,-0.019992,0.009087,0.025445,-0.027270,0.002722,0.023627,0.042715,0.040897,0.025445
3976.00,0.026576,0.035435,0.012402,-0.019489,0.008859,0.024805,-0.027087,0.002402,0.023033,0.041892,0.040120,0.024805
3984.00,0.018471,0.024628,0.008620,-0.013545,0.006157,0.017239,-0.024926,-0.001380,0.016008,0.032165,0.030934,0.017239
3992.00,0.007811,0.010415,0.003645,-0.005728,0.002604,0.007290,-0.022083,-0.006355,0.006769,0.019373,0.018852,0.007290
4000.00,0.008798,0.011731,0.004106,-0.006452,0.002933,0.008211,-0.022346,-0.005894,0.007625,0.020558,0.019971,0.008211
4008.00,0.010715,0.014287,0.005001,-0.007858,0.003572,0.010001,-0.022857,-0.004999,0.009287,0.022859,0.022144,0.010001
4016.00,0.002868,0.003824,0.001338,-0.002103,0.000956,0.002677,-0.020765,-0.008662,0.002486,0.013442,0.013250,0.002677
4024.00,-0.000484,-0.000646,-0.000226,0.000355,-0.000161,-0.000452,-0.019871,-0.010226,-0.000420,0.009419,0.009451,-0.000452
4032.00,0.005606,0.007474,0.002616,-0.004111,0.001869,0.005232,-0.021495,-0.007384,0.004858,0.016727,0.016353,0.005232
4040.00,0.004685,0.006247,0.002186,-0.003436,0.001562,0.004373,-0.021249,-0.007814,0.004061,0.015622,0.015310,0.004373
4048.00,-0.002299,-0.003065,-0.001073,0.001686,-0.000766,-0.002146,-0.019387,-0.011073,-0.001992,0.007241,0.007394,-0.002146
4056.00,0.000537,0.000716,0.000251,-0.000394,0.000179,0.000501,-0.020143,-0.009749,0.000465,0.010644,0.010609,0.000501
4064.00,0.006133,0.008177,0.002862,-0.004497,0.002044,0.005724,-0.021635,-0.007138,0.005315,0.017360,0.016951,0.005724
4072.00,0.001131,0.001509,0.000528,-0.000830,0.000377,0.001056,-0.020302,-0.009472,0.000981,0.011358,0.011282,0.001056
4080.00,-0.002487,-0.003316,-0.001160,0.001824,-0.000829,-0.002321,-0.019337,-0.011160,-0.002155,0.007016,0.007182,-0.002321
4088.00,0.004086,0.005448,0.001907,-0.002997,0.001362,0.003814,-0.021090,-0.008093,0.003541,0.014904,0.014631,0.003814
4096.00,0.005528,0.007371,0.002580,-0.004054,0.001843,0.005160,-0.021474,-0.007420,0.004791,0.016634,0.016265,0.005160
4104.00,-0.001253,-0.001671,-0.000585,0.000919,-0.000418,-0.001170,-0.019666,-0.010585,-0.001086,0.008496,0.008580,-0.001170
4112.00,0.000205,0.000273,0.000096,-0.000150,0.000068,0.000191,-0.020055,-0.009904,0.000178,0.010246,0.010232,0.000191
4120.00,0.006815,0.009086,0.003180,-0.004997,0.002272,0.006360,-0.021817,-0.006820,0.005906,0.018178,0.017723,0.006360
4128.00,0.003263,0.004351,0.001523,-0.002393,0.001088,0.003045,-0.020870,-0.008477,0.002828,0.013915,0.013698,0.003045
4136.00,-0.001628,-0.002170,-0.000760,0.001194,-0.000543,-0.001519,-0.019566,-0.010760,-0.001411,0.008047,0.008155,-0.001519
4144.00,0.004147,0.005530,0.001935,-0.003041,0.001382,0.003871,-0.021106,-0.008065,0.003594,0.014977,0.014700,0.003871
4152.00,0.007265,0.009686,0.003390,-0.005328,0.002422,0.006780,-0.021937,-0.006610,0.006296,0.018718,0.018233,0.006780
4160.00,0.000712,0.000950,0.000332,-0.000522,0.000237,0.000665,-0.020190,-0.009668,0.000617,0.010855,0.010807,0.000665
4168.00,0.000441,0.000588,0.000206,-0.000323,0.000147,0.000412,-0.020118,-0.009794,0.000382,0.010529,0.010500,0.000412
4176.00,0.007485,0.009980,0.003493,-0.005489,0.002495,0.006986,-0.021996,-0.006507,0.006487,0.018982,0.018483,0.006986
4184.00,0.005506,0.007342,0.002570,-0.004038,0.001835,0.005139,-0.021468,-0.007430,0.004772,0.016607,0.016240,0.005139
4192.00,-0.000402,-0.000536,-0.000188,0.000295,-0.000134,-0.000375,-0.019893,-0.010188,-0.000349,0.009517,0.009544,-0.000375
4200.00,0.004202,0.005603,0.001961,-0.003081,0.001401,0.003922,-0.021121,-0.008039,0.003642,0.015042,0.014762,0.003922
4208.00,0.008856,0.011808,0.004133,-0.006495,0.002952,0.008266,-0.022362,-0.005867,0.007675,0.020627,0.020037,0.008266
4216.00,0.003155,0.004206,0.001472,-0.002313,0.001052,0.002944,-0.020841,-0.008528,0.002734,0.013786,0.013575,0.002944
4224.00,0.001739,0.002319,0.000812,-0.001275,0.000580,0.001623,-0.020464,-0.009188,0.001507,0.012087,0.011971,0.001623
4232.00,0.010119,0.013492,0.004722,-0.007421,0.003373,0.009444,-0.022698,-0.005278,0.008770,0.022143,0.021468,0.009444
4240.00,0.012667,0.016889,0.005911,-0.009289,0.004222,0.011822,-0.023378,-0.004089,0.010978,0.025200,0.024356,0.011822
4248.00,0.011401,0.015202,0.005321,-0.008361,0.003800,0.010641,-0.023040,-0.004679,0.009881,0.023682,0.022922,0.010641
4256.00,0.023290,0.031053,0.010869,-0.017079,0.007763,0.021737,-0.026211,0.000869,0.020184,0.037948,0.036395,0.021737
4264.00,0.041843,0.055791,0.019527,-0.030685,0.013948,0.039054,-0.031158,0.009527,0.036264,0.060212,0.057422,0.039054
4272.00,0.053098,0.070797,0.024779,-0.038938,0.017699,0.049558,-0.034159,0.014779,0.046018,0.073717,0.070177,0.049558
4280.00,0.066822,0.089096,0.031183,-0.049003,0.022274,0.062367,-0.037819,0.021183,0.057912,0.090186,0.085731,0.062367
4288.00,0.088276,0.117701,0.041195,-0.064736,0.029425,0.082391,-0.043540,0.031195,0.076506,0.115931,0.110046,0.082391
4296.00,0.098376,0.131168,0.045909,-0.072142,0.032792,0.091817,-0.046234,0.035909,0.085259,0.128051,0.121493,0.091817
4304.00,0.091592,0.122123,0.042743,-0.067168,0.030531,0.085486,-0.044425,0.032743,0.079380,0.119911,0.113805,0.085486
4312.00,0.084394,0.112525,0.039384,-0.061889,0.028131,0.078767,-0.042505,0.029384,0.073141,0.111272,0.105646,0.078767
4320.00,0.076137,0.101516,0.035531,-0.055834,0.025379,0.071061,-0.040303,0.025531,0.065985,0.101364,0.096288,0.071061
4328.00,0.055283,0.073711,0.025799,-0.040541,0.018428,0.051598,-0.034742,0.015799,0.047912,0.076340,0.072655,0.051598
4336.00,0.034221,0.045628,0.015970,-0.025095,0.011407,0.031939,-0.029126,0.005970,0.029658,0.051065,0.048783,0.031939
4344.00,0.027189,0.036252,0.012688,-0.019939,0.009063,0.025377,-0.027250,0.002688,0.023564,0.042627,0.040815,0.025377
4352.00,0.021508,0.028677,0.010037,-0.015772,0.007169,0.020074,-0.025735,0.000037,0.018640,0.035809,0.034375,0.020074
4360.00,0.009641,0.012854,0.004499,-0.007070,0.003214,0.008998,-0.022571,-0.005501,0.008355,0.021569,0.020926,0.008998
4368.00,0.006523,0.008697,0.003044,-0.004783,0.002174,0.006088,-0.021739,-0.006956,0.005653,0.017827,0.017393,0.006088
4376.00,0.012204,0.016271,0.005695,-0.008949,0.004068,0.011390,-0.023254,-0.004305,0.010576,0.024644,0.023831,0.011390
4384.00,0.009633,0.012845,0.004496,-0.007064,0.003211,0.008991,-0.022569,-0.005504,0.008349,0.021560,0.020918,0.008991
4392.00,0.003481,0.004641,0.001624,-0.002553,0.001160,0.003249,-0.020928,-0.008376,0.003017,0.014177,0.013945,0.003249
4400.00,0.007967,0.010623,0.003718,-0.005843,0.002656,0.007436,-0.022125,-0.006282,0.006905,0.019561,0.019029,0.007436
4408.00,0.012503,0.016671,0.005835,-0.009169,0.004168,0.011670,-0.023334,-0.004165,0.010836,0.025004,0.024170,0.011670
4416.00,0.006526,0.008702,0.003046,-0.004786,0.002175,0.006091,-0.021740,-0.006954,0.005656,0.017831,0.017396,0.006091
4424.00,0.003517,0.004690,0.001641,-0.002579,0.001172,0.003283,-0.020938,-0.008359,0.003048,0.014221,0.013986,0.003283
4432.00,-0.001445,-0.001927,-0.000675,0.001060,-0.000482,-0.001349,-0.019615,-0.010675,-0.001253,0.008265,0.008362,-0.001349
4440.00,-0.052699,-0.070265,-0.024593,0.038646,-0.017566,-0.049186,-0.005947,-0.034593,-0.045673,-0.053239,-0.049726,-0.049186
4448.00,-0.105873,-0.141164,-0.049408,0.077640,-0.035291,-0.098815,0.008233,-0.059408,-0.091757,-0.117048,-0.109990,-0.098815
4456.00,0.033043,0.044057,0.015420,-0.024231,0.011014,0.030840,-0.028811,0.005420,0.028637,0.049651,0.047448,0.030840
4464.00,0.409003,0.545337,0.190868,-0.299936,0.136334,0.381736,-0.129067,0.180868,0.354469,0.500804,0.473537,0.381736
4472.00,0.745813,0.994417,0.348046,-0.546929,0.248604,0.696092,-0.218883,0.338046,0.646371,0.904975,0.855254,0.696092
4480.00,0.651959,0.869278,0.304247,-0.478103,0.217320,0.608495,-0.193856,0.294247,0.565031,0.792351,0.748887,0.608495
4488.00,0.226953,0.302604,0.105911,-0.166432,0.075651,0.211823,-0.080521,0.095911,0.196693,0.282344,0.267213,0.211823
4496.00,-0.096855,-0.129140,-0.045199,0.071027,-0.032285,-0.090398,0.005828,-0.055199,-0.083941,-0.106226,-0.099769,-0.090398
4504.00,-0.177997,-0.237329,-0.083065,0.130531,-0.059332,-0.166130,0.027466,-0.093065,-0.154264,-0.203596,-0.191730,-0.166130
4512.00,-0.112125,-0.149500,-0.052325,0.082225,-0.037375,-0.104650,0.009900,-0.062325,-0.097175,-0.124550,-0.117075,-0.104650
4520.00,-0.029400,-0.039200,-0.013720,0.021560,-0.009800,-0.027440,-0.012160,-0.023720,-0.025480,-0.025280,-0.023320,-0.027440
4528.00,0.005658,0.007545,0.002641,-0.004150,0.001886,0.005281,-0.021509,-0.007359,0.004904,0.016790,0.016413,0.005281
4536.00,0.013667,0.018222,0.006378,-0.010022,0.004556,0.012756,-0.023644,-0.003622,0.011845,0.026400,0.025489,0.012756
4544.00,0.024976,0.033302,0.011656,-0.018316,0.008325,0.023311,-0.026660,0.001656,0.021646,0.039972,0.038307,0.023311
4552.00,0.033387,0.044517,0.015581,-0.024484,0.011129,0.031162,-0.028903,0.005581,0.028936,0.050065,0.047839,0.031162
4560.00,0.033432,0.044576,0.015602,-0.024517,0.011144,0.031203,-0.028915,0.005602,0.028974,0.050118,0.047890,0.031203
4568.00,0.041420,0.055226,0.019329,-0.030374,0.013807,0.038658,-0.031045,0.009329,0.035897,0.059704,0.056942,0.038658
4576.00,0.058575,0.078100,0.027335,-0.042955,0.019525,0.054670,-0.035620,0.017335,0.050765,0.080290,0.076385,0.054670
4584.00,0.068680,0.091573,0.032051,-0.050365,0.022893,0.064101,-0.038315,0.022051,0.059523,0.092416,0.087837,0.064101
4592.00,0.076851,0.102468,0.035864,-0.056358,0.025617,0.071728,-0.040494,0.025864,0.066604,0.102221,0.097098,0.071728
4600.00,0.097429,0.129906,0.045467,-0.071448,0.032476,0.090934,-0.045981,0.035467,0.084439,0.126915,0.120420,0.090934
4608.00,0.119686,0.159581,0.055853,-0.087770,0.039895,0.111707,-0.051916,0.045853,0.103728,0.153623,0.145644,0.111707
4616.00,0.132740,0.176987,0.061945,-0.097343,0.044247,0.123891,-0.055397,0.051945,0.115042,0.169288,0.160439,0.123891
4624.00,0.150486,0.200648,0.070227,-0.110356,0.050162,0.140453,-0.060130,0.060227,0.130421,0.190583,0.180550,0.140453
4632.00,0.177336,0.236448,0.082757,-0.130047,0.059112,0.165514,-0.067290,0.072757,0.153692,0.222804,0.210981,0.165514
4640.00,0.196173,0.261565,0.091548,-0.143861,0.065391,0.183095,-0.072313,0.081548,0.170017,0.245408,0.232330,0.183095
4648.00,0.207192,0.276256,0.096690,-0.151941,0.069064,0.193379,-0.075251,0.086690,0.179567,0.258631,0.244818,0.193379
4656.00,0.225505,0.300673,0.105236,-0.165370,0.075168,0.210471,-0.080135,0.095236,0.195438,0.280606,0.265572,0.210471
4664.00,0.243328,0.324438,0.113553,-0.178441,0.081109,0.227106,-0.084888,0.103553,0.210884,0.301994,0.285772,0.227106
4672.00,0.246696,0.328928,0.115125,-0.180911,0.082232,0.230250,-0.085786,0.105125,0.213803,0.306036,0.289589,0.230250
4680.00,0.247159,0.329545,0.115341,-0.181250,0.082386,0.230682,-0.085909,0.105341,0.214204,0.306591,0.290113,0.230682
4688.00,0.253312,0.337749,0.118212,-0.185762,0.084437,0.236425,-0.087550,0.108212,0.219537,0.313974,0.297087,0.236425
4696.00,0.249865,0.333154,0.116604,-0.183234,0.083288,0.233208,-0.086631,0.106604,0.216550,0.309838,0.293181,0.233208
4704.00,0.234000,0.312000,0.109200,-0.171600,0.078000,0.218400,-0.082400,0.099200,0.202800,0.290800,0.275200,0.218400
4712.00,0.222675,0.296900,0.103915,-0.163295,0.074225,0.207830,-0.079380,0.093915,0.192985,0.277210,0.262365,0.207830
4720.00,0.213472,0.284629,0.099620,-0.156546,0.071157,0.199241,-0.076926,0.089620,0.185009,0.266167,0.251935,0.199241
4728.00,0.191867,0.255823,0.089538,-0.140703,0.063956,0.179076,-0.071165,0.079538,0.166285,0.240241,0.227450,0.179076
4736.00,0.167527,0.223370,0.078179,-0.122853,0.055842,0.156359,-0.064674,0.068179,0.145190,0.211033,0.199864,0.156359
4744.00,0.153290,0.204387,0.071535,-0.112413,0.051097,0.143071,-0.060877,0.061535,0.132851,0.193948,0.183729,0.143071
4752.00,0.136598,0.182131,0.063746,-0.100172,0.045533,0.127491,-0.056426,0.053746,0.118385,0.173918,0.164811,0.127491
4760.00,0.111093,0.148125,0.051844,-0.081469,0.037031,0.103687,-0.049625,0.041844,0.096281,0.143312,0.135906,0.103687
4768.00,0.093239,0.124319,0.043512,-0.068376,0.031080,0.087024,-0.044864,0.033512,0.080808,0.121887,0.115671,0.087024
4776.00,0.084428,0.112571,0.039400,-0.061914,0.028143,0.078800,-0.042514,0.029400,0.073171,0.111314,0.105685,0.078800
4784.00,0.068528,0.091371,0.031980,-0.050254,0.022843,0.063960,-0.038274,0.021980,0.059391,0.092234,0.087665,0.063960
4792.00,0.050697,0.067595,0.023658,-0.037177,0.016899,0.047317,-0.033519,0.013658,0.043937,0.070836,0.067456,0.047317
4800.00,0.045320,0.060426,0.021149,-0.033234,0.015107,0.042298,-0.032085,0.011149,0.039277,0.064384,0.061362,0.042298
4808.00,0.041769,0.055692,0.019492,-0.030630,0.013923,0.038984,-0.031138,0.009492,0.036200,0.060123,0.057338,0.038984
4816.00,0.029357,0.039143,0.013700,-0.021529,0.009786,0.027400,-0.027829,0.003700,0.025443,0.045228,0.043271,0.027400
4824.00,0.022295,0.029727,0.010404,-0.016350,0.007432,0.020809,-0.025945,0.000404,0.019322,0.036754,0.035268,0.020809
4832.00,0.025441,0.033922,0.011873,-0.018657,0.008480,0.023745,-0.026784,0.001873,0.022049,0.040529,0.038833,0.023745
4840.00,0.022236,0.029648,0.010377,-0.016306,0.007412,0.020754,-0.025930,0.000377,0.019271,0.036683,0.035201,0.020754
4848.00,0.013511,0.018014,0.006305,-0.009908,0.004504,0.012610,-0.023603,-0.003695,0.011709,0.026213,0.025312,0.012610
4856.00,0.015041,0.020054,0.007019,-0.011030,0.005014,0.014038,-0.024011,-0.002981,0.013035,0.028049,0.027046,0.014038
4864.00,0.019667,0.026223,0.009178,-0.014422,0.006556,0.018356,-0.025245,-0.000822,0.017045,0.033600,0.032289,0.018356
4872.00,0.013949,0.018598,0.006509,-0.010229,0.004650,0.013019,-0.023720,-0.003491,0.012089,0.026738,0.025808,0.013019
4880.00,0.009798,0.013064,0.004572,-0.007185,0.003266,0.009145,-0.022613,-0.005428,0.008491,0.021757,0.021104,0.009145
4888.00,0.015969,0.021292,0.007452,-0.011711,0.005323,0.014904,-0.024258,-0.002548,0.013840,0.029163,0.028098,0.014904
4896.00,0.017099,0.022799,0.007980,-0.012540,0.005700,0.015960,-0.024560,-0.002020,0.014820,0.030519,0.029379,0.015960
4904.00,0.010067,0.013423,0.004698,-0.007382,0.003356,0.009396,-0.022685,-0.005302,0.008725,0.022080,0.021409,0.009396
4912.00,0.011314,0.015085,0.005280,-0.008297,0.003771,0.010560,-0.023017,-0.004720,0.009805,0.023577,0.022822,0.010560
4920.00,0.017737,0.023650,0.008277,-0.013007,0.005912,0.016555,-0.024730,-0.001723,0.015372,0.031285,0.030102,0.016555
4928.00,0.014014,0.018685,0.006540,-0.010277,0.004671,0.013080,-0.023737,-0.003460,0.012146,0.026817,0.025883,0.013080
4936.00,0.008961,0.011948,0.004182,-0.006571,0.002987,0.008364,-0.022390,-0.005818,0.007766,0.020753,0.020156,0.008364
4944.00,0.014578,0.019437,0.006803,-0.010691,0.004859,0.013606,-0.023887,-0.003197,0.012634,0.027494,0.026522,0.013606
4952.00,0.017539,0.023386,0.008185,-0.012862,0.005846,0.016370,-0.024677,-0.001815,0.015201,0.031047,0.029878,0.016370
4960.00,0.010831,0.014442,0.005055,-0.007943,0.003610,0.010109,-0.022888,-0.004945,0.009387,0.022998,0.022276,0.010109
4968.00,0.010404,0.013872,0.004855,-0.007630,0.003468,0.009710,-0.022774,-0.005145,0.009017,0.022485,0.021791,0.009710
4976.00,0.017291,0.023054,0.008069,-0.012680,0.005764,0.016138,-0.024611,-0.001931,0.014985,0.030749,0.029596,0.016138
4984.00,0.015153,0.020204,0.007071,-0.011112,0.005051,0.014143,-0.024041,-0.002929,0.013132,0.028183,0.027173,0.014143
4992.00,0.009079,0.012105,0.004237,-0.006658,0.003026,0.008474,-0.022421,-0.005763,0.007868,0.020895,0.020289,0.008474
5000.00,0.013500,0.018000,0.006300,-0.009900,0.004500,0.012600,-0.023600,-0.003700,0.011700,0.026200,0.025300,0.012600
5008.00,0.017920,0.023893,0.008362,-0.013141,0.005973,0.016725,-0.024779,-0.001638,0.015530,0.031503,0.030309,0.016725
5016.00,0.011841,0.015788,0.005526,-0.008683,0.003947,0.011051,-0.023158,-0.004474,0.010262,0.024209,0.023419,0.011051
5024.00,0.009697,0.012930,0.004525,-0.007111,0.003232,0.009051,-0.022586,-0.005475,0.008404,0.021637,0.020990,0.009051
5032.00,0.016588,0.022117,0.007741,-0.012164,0.005529,0.015482,-0.024423,-0.002259,0.014376,0.029905,0.028799,0.015482
5040.00,0.016203,0.021604,0.007561,-0.011882,0.005401,0.015123,-0.024321,-0.002439,0.014043,0.029444,0.028363,0.015123
5048.00,0.009656,0.012874,0.004506,-0.007081,0.003219,0.009012,-0.022575,-0.005494,0.008368,0.021587,0.020943,0.009012
5056.00,0.013081,0.017441,0.006104,-0.009593,0.004360,0.012209,-0.023488,-0.003896,0.011337,0.025697,0.024825,0.012209
5064.00,0.019846,0.026462,0.009262,-0.014554,0.006615,0.018523,-0.025292,-0.000738,0.017200,0.033816,0.032493,0.018523
5072.00,0.017289,0.023051,0.008068,-0.012678,0.005763,0.016136,-0.024610,-0.001932,0.014983,0.030746,0.029594,0.016136
5080.00,0.018360,0.024481,0.008568,-0.013464,0.006120,0.017136,-0.024896,-0.001432,0.015912,0.032032,0.030808,0.017136
5088.00,0.032926,0.043901,0.015366,-0.024146,0.010975,0.030731,-0.028780,0.005366,0.028536,0.049511,0.047316,0.030731
5096.00,0.046326,0.061768,0.021619,-0.033972,0.015442,0.043237,-0.032354,0.011619,0.040149,0.065591,0.062503,0.043237
5104.00,0.055069,0.073425,0.025699,-0.040384,0.018356,0.051398,-0.034685,0.015699,0.047727,0.076083,0.072412,0.051398
5112.00,0.073658,0.098211,0.034374,-0.054016,0.024553,0.068748,-0.039642,0.024374,0.063837,0.098390,0.093479,0.068748
5120.00,0.095609,0.127479,0.044618,-0.070113,0.031870,0.089235,-0.045496,0.034618,0.082861,0.124731,0.118357,0.089235
5128.00,0.101767,0.135690,0.047491,-0.074629,0.033922,0.094983,-0.047138,0.037491,0.088198,0.132121,0.125336,0.094983
5136.00,0.098191,0.130922,0.045823,-0.072007,0.032730,0.091645,-0.046184,0.035823,0.085099,0.127830,0.121284,0.091645
5144.00,0.096445,0.128593,0.045008,-0.070726,0.032148,0.090015,-0.045719,0.035008,0.083586,0.125734,0.119304,0.090015
5152.00,0.085294,0.113725,0.039804,-0.062549,0.028431,0.079608,-0.042745,0.029804,0.073921,0.112353,0.106667,0.079608
5160.00,0.061385,0.081846,0.028646,-0.045015,0.020462,0.057292,-0.036369,0.018646,0.053200,0.083662,0.079569,0.057292
5168.00,0.044364,0.059151,0.020703,-0.032533,0.014788,0.041406,-0.031830,0.010703,0.038448,0.063236,0.060279,0.041406
5176.00,0.037764,0.050353,0.017623,-0.027694,0.012588,0.035247,-0.030071,0.007623,0.032729,0.055317,0.052800,0.035247
5184.00,0.026140,0.034853,0.012199,-0.019169,0.008713,0.024397,-0.026971,0.002199,0.022655,0.041368,0.039625,0.024397
5192.00,0.014204,0.018939,0.006629,-0.010416,0.004735,0.013257,-0.023788,-0.003371,0.012310,0.027045,0.026098,0.013257
5200.00,0.015410,0.020547,0.007191,-0.011301,0.005137,0.014383,-0.024109,-0.002809,0.013356,0.028492,0.027465,0.014383
5208.00,0.018247,0.024329,0.008515,-0.013381,0.006082,0.017030,-0.024866,-0.001485,0.015814,0.031896,0.030680,0.017030
5216.00,0.011454,0.015272,0.005345,-0.008400,0.003818,0.010691,-0.023054,-0.004655,0.009927,0.023745,0.022982,0.010691
5224.00,0.009000,0.011999,0.004200,-0.006600,0.003000,0.008400,-0.022400,-0.005800,0.007800,0.020800,0.020200,0.008400
5232.00,0.015733,0.020977,0.007342,-0.011537,0.005244,0.014684,-0.024195,-0.002658,0.013635,0.028879,0.027831,0.014684
5240.00,0.015210,0.020280,0.007098,-0.011154,0.005070,0.014196,-0.024056,-0.002902,0.013182,0.028252,0.027238,0.014196
5248.00,0.008408,0.011211,0.003924,-0.006166,0.002803,0.007848,-0.022242,-0.006076,0.007287,0.020090,0.019529,0.007848
5256.00,0.010694,0.014259,0.004991,-0.007842,0.003565,0.009981,-0.022852,-0.005009,0.009268,0.022833,0.022120,0.009981
5264.00,0.007757,0.010342,0.003620,-0.005688,0.002586,0.007240,-0.022068,-0.006380,0.006723,0.019308,0.018791,0.007240
5272.00,-0.040713,-0.054284,-0.018999,0.029856,-0.013571,-0.037999,-0.009143,-0.028999,-0.035285,-0.038856,-0.036142,-0.037999
5280.00,-0.102403,-0.136537,-0.047788,0.075095,-0.034134,-0.095576,0.007307,-0.057788,-0.088749,-0.112883,-0.106057,-0.095576
5288.00,-0.001451,-0.001934,-0.000677,0.001064,-0.000484,-0.001354,-0.019613,-0.010677,-0.001257,0.008259,0.008356,-0.001354
5296.00,0.340025,0.453367,0.158678,-0.249352,0.113342,0.317357,-0.110673,0.148678,0.294688,0.418030,0.395362,0.317357
5304.00,0.710625,0.947500,0.331625,-0.521125,0.236875,0.663250,-0.209500,0.321625,0.615875,0.862750,0.815375,0.663250
5312.00,0.706732,0.942309,0.329808,-0.518270,0.235577,0.659617,-0.208462,0.319808,0.612501,0.858078,0.810963,0.659617
5320.00,0.306363,0.408484,0.142969,-0.224666,0.102121,0.285939,-0.101697,0.132969,0.265514,0.377635,0.357211,0.285939
5328.00,-0.061708,-0.082278,-0.028797,0.045253,-0.020569,-0.057594,-0.003544,-0.038797,-0.053480,-0.064050,-0.059936,-0.057594
5336.00,-0.178287,-0.237716,-0.083201,0.130744,-0.059429,-0.166401,0.027543,-0.093201,-0.154515,-0.203944,-0.192058,-0.166401
5344.00,-0.121201,-0.161602,-0.056561,0.088881,-0.040400,-0.113121,0.012320,-0.066561,-0.105041,-0.135441,-0.127361,-0.113121
5352.00,-0.038305,-0.051074,-0.017876,0.028090,-0.012768,-0.035752,-0.009785,-0.027876,-0.033198,-0.035966,-0.033413,-0.035752
5360.00,-0.000138,-0.000184,-0.000064,0.000101,-0.000046,-0.000129,-0.019963,-0.010064,-0.000120,0.009834,0.009844,-0.000129
5368.00,0.015014,0.020018,0.007006,-0.011010,0.005005,0.014013,-0.024004,-0.002994,0.013012,0.028016,0.027015,0.014013
5376.00,0.027858,0.037144,0.013000,-0.020429,0.009286,0.026001,-0.027429,0.003000,0.024143,0.043429,0.041572,0.026001
5384.00,0.030831,0.041108,0.014388,-0.022609,0.010277,0.028776,-0.028222,0.004388,0.026720,0.046997,0.044942,0.028776
5392.00,0.031057,0.041410,0.014493,-0.022775,0.010352,0.028987,-0.028282,0.004493,0.026916,0.047269,0.045198,0.028987
5400.00,0.043402,0.057870,0.020254,-0.031828,0.014467,0.040509,-0.031574,0.010254,0.037615,0.062083,0.059189,0.040509
5408.00,0.057572,0.076763,0.026867,-0.042220,0.019191,0.053734,-0.035353,0.016867,0.049896,0.079087,0.075249,0.053734
5416.00,0.063203,0.084271,0.029495,-0.046349,0.021068,0.058990,-0.036854,0.019495,0.054776,0.085844,0.081631,0.058990
5424.00,0.074771,0.099695,0.034893,-0.054832,0.024924,0.069787,-0.039939,0.024893,0.064802,0.099726,0.094741,0.069787
5432.00,0.097296,0.129728,0.045405,-0.071351,0.032432,0.090810,-0.045946,0.035405,0.084323,0.126755,0.120269,0.090810
5440.00,0.114233,0.152311,0.053309,-0.083771,0.038078,0.106618,-0.050462,0.043309,0.099002,0.147080,0.139465,0.106618
5448.00,0.126259,0.168345,0.058921,-0.092590,0.042086,0.117842,-0.053669,0.048921,0.109424,0.161511,0.153094,0.117842
5456.00,0.148811,0.198415,0.069445,-0.109128,0.049604,0.138890,-0.059683,0.059445,0.128970,0.188573,0.178652,0.138890
5464.00,0.174224,0.232299,0.081305,-0.127764,0.058075,0.162609,-0.066460,0.071305,0.150994,0.219069,0.207454,0.162609
5472.00,0.188409,0.251212,0.087924,-0.138167,0.062803,0.175849,-0.070242,0.077924,0.163288,0.236091,0.223530,0.175849
5480.00,0.202539,0.270051,0.094518,-0.148528,0.067513,0.189036,-0.074010,0.084518,0.175533,0.253046,0.239544,0.189036
5488.00,0.224593,0.299458,0.104810,-0.164702,0.074864,0.209620,-0.079892,0.094810,0.194647,0.279512,0.264539,0.209620
5496.00,0.238474,0.317965,0.111288,-0.174881,0.079491,0.222575,-0.083593,0.101288,0.206677,0.296168,0.280270,0.222575
5504.00,0.240427,0.320569,0.112199,-0.176313,0.080142,0.224398,-0.084114,0.102199,0.208370,0.298512,0.282483,0.224398
5512.00,0.246430,0.328573,0.115001,-0.180715,0.082143,0.230001,-0.085715,0.105001,0.213572,0.305716,0.289287,0.230001
5520.00,0.253130,0.337506,0.118127,-0.185628,0.084377,0.236254,-0.087501,0.108127,0.219379,0.313756,0.296880,0.236254
5528.00,0.245194,0.326925,0.114424,-0.179809,0.081731,0.228848,-0.085385,0.104424,0.212501,0.304233,0.287886,0.228848
5536.00,0.231674,0.308899,0.108115,-0.169894,0.077225,0.216229,-0.081780,0.098115,0.200784,0.288009,0.272564,0.216229
5544.00,0.225031,0.300041,0.105014,-0.165022,0.075010,0.210029,-0.080008,0.095014,0.195027,0.280037,0.265035,0.210029
5552.00,0.212582,0.283443,0.099205,-0.155894,0.070861,0.198410,-0.076689,0.089205,0.184238,0.265099,0.250927,0.198410
5560.00,0.188090,0.250787,0.087775,-0.137933,0.062697,0.175551,-0.070157,0.077775,0.163011,0.235708,0.223169,0.175551
5568.00,0.168343,0.224457,0.078560,-0.123451,0.056114,0.157120,-0.064891,0.068560,0.145897,0.212011,0.200788,0.157120
5576.00,0.155213,0.206950,0.072433,-0.113823,0.051738,0.144865,-0.061390,0.062433,0.134518,0.196255,0.185908,0.144865
5584.00,0.133143,0.177524,0.062133,-0.097638,0.044381,0.124267,-0.055505,0.052133,0.115390,0.169771,0.160895,0.124267
5592.00,0.107897,0.143862,0.050352,-0.079124,0.035966,0.100703,-0.048772,0.040352,0.093510,0.139476,0.132283,0.100703
5600.00,0.094443,0.125923,0.044073,-0.069258,0.031481,0.088146,-0.045185,0.034073,0.081850,0.123331,0.117035,0.088146
5608.00,0.082668,0.110224,0.038578,-0.060623,0.027556,0.077157,-0.042045,0.028578,0.071645,0.109201,0.103690,0.077157
5616.00,0.062306,0.083075,0.029076,-0.045691,0.020769,0.058153,-0.036615,0.019076,0.053999,0.084768,0.080614,0.058153
5624.00,0.047879,0.063839,0.022344,-0.035111,0.015960,0.044687,-0.032768,0.012344,0.041495,0.067455,0.064263,0.044687
5632.00,0.044448,0.059264,0.020742,-0.032595,0.014816,0.041484,-0.031853,0.010742,0.038521,0.063337,0.060374,0.041484
5640.00,0.035554,0.047406,0.016592,-0.026073,0.011851,0.033184,-0.029481,0.006592,0.030814,0.052665,0.050295,0.033184
5648.00,0.022051,0.029401,0.010291,-0.016171,0.007350,0.020581,-0.025880,0.000291,0.019111,0.036461,0.034991,0.020581
5656.00,0.019672,0.026229,0.009180,-0.014426,0.006557,0.018360,-0.025246,-0.000820,0.017049,0.033606,0.032295,0.018360
5664.00,0.021175,0.028233,0.009882,-0.015528,0.007058,0.019763,-0.025647,-0.000118,0.018352,0.035410,0.033998,0.019763
5672.00,0.013013,0.017351,0.006073,-0.009543,0.004338,0.012146,-0.023470,-0.003927,0.011278,0.025616,0.024749,0.012146
5680.00,0.006986,0.009314,0.003260,-0.005123,0.002329,0.006520,-0.021863,-0.006740,0.006054,0.018383,0.017917,0.006520
5688.00,0.011735,0.015647,0.005477,-0.008606,0.003912,0.010953,-0.023129,-0.004523,0.010171,0.024083,0.023300,0.010953
5696.00,0.011799,0.015732,0.005506,-0.008653,0.003933,0.011013,-0.023146,-0.004494,0.010226,0.024159,0.023373,0.011013
5704.00,0.003969,0.005291,0.001852,-0.002910,0.001323,0.003704,-0.021058,-0.008148,0.003439,0.014762,0.014498,0.003704
5712.00,0.004615,0.006153,0.002154,-0.003384,0.001538,0.004307,-0.021231,-0.007846,0.004000,0.015538,0.015230,0.004307
5720.00,0.010580,0.014106,0.004937,-0.007758,0.003527,0.009874,-0.022821,-0.005063,0.009169,0.022696,0.021990,0.009874
5728.00,0.006497,0.008663,0.003032,-0.004764,0.002166,0.006064,-0.021733,-0.006968,0.005631,0.017796,0.017363,0.006064
5736.00,0.001152,0.001537,0.000538,-0.000845,0.000384,0.001076,-0.020307,-0.009462,0.000999,0.011383,0.011306,0.001076
5744.00,0.006523,0.008698,0.003044,-0.004784,0.002174,0.006089,-0.021740,-0.006956,0.005654,0.017828,0.017393,0.006089
5752.00,0.009269,0.012359,0.004325,-0.006797,0.003090,0.008651,-0.022472,-0.005675,0.008033,0.021123,0.020505,0.008651
5760.00,0.002365,0.003153,0.001103,-0.001734,0.000788,0.002207,-0.020631,-0.008897,0.002049,0.012838,0.012680,0.002207
5768.00,0.001753,0.002338,0.000818,-0.001286,0.000584,0.001637,-0.020468,-0.009182,0.001520,0.012104,0.011987,0.001637
5776.00,0.008464,0.011286,0.003950,-0.006207,0.002821,0.007900,-0.022257,-0.006050,0.007336,0.020157,0.019593,0.007900
5784.00,0.006156,0.008208,0.002873,-0.004515,0.002052,0.005746,-0.021642,-0.007127,0.005335,0.017387,0.016977,0.005746
5792.00,-0.000084,-0.000112,-0.000039,0.000062,-0.000028,-0.000078,-0.019978,-0.010039,-0.000073,0.009899,0.009905,-0.000078
5800.00,0.004174,0.005565,0.001948,-0.003061,0.001391,0.003895,-0.021113,-0.008052,0.003617,0.015008,0.014730,0.003895
5808.00,0.008431,0.011242,0.003935,-0.006183,0.002810,0.007869,-0.022248,-0.006065,0.007307,0.020118,0.019555,0.007869
5816.00,0.002192,0.002922,0.001023,-0.001607,0.000731,0.002046,-0.020584,-0.008977,0.001899,0.012630,0.012484,0.002046
5824.00,-0.000114,-0.000153,-0.000053,0.000084,-0.000038,-0.000107,-0.019969,-0.010053,-0.000099,0.009863,0.009870,-0.000107
5832.00,0.006602,0.008803,0.003081,-0.004841,0.002201,0.006162,-0.021761,-0.006919,0.005722,0.017922,0.017482,0.006162
5840.00,0.006003,0.008003,0.002801,-0.004402,0.002001,0.005602,-0.021601,-0.007199,0.005202,0.017203,0.016803,0.005602
5848.00,-0.000878,-0.001170,-0.000410,0.000644,-0.000293,-0.000819,-0.019766,-0.010410,-0.000761,0.008947,0.009005,-0.000819
5856.00,0.001914,0.002551,0.000893,-0.001403,0.000638,0.001786,-0.020510,-0.009107,0.001658,0.012296,0.012169,0.001786
5864.00,0.007373,0.009830,0.003441,-0.005407,0.002458,0.006881,-0.021966,-0.006559,0.006390,0.018847,0.018356,0.006881
5872.00,0.002201,0.002935,0.001027,-0.001614,0.000734,0.002055,-0.020587,-0.008973,0.001908,0.012642,0.012495,0.002055
5880.00,-0.001529,-0.002039,-0.000714,0.001121,-0.000510,-0.001427,-0.019592,-0.010714,-0.001325,0.008165,0.008267,-0.001427
5888.00,0.005168,0.006890,0.002412,-0.003790,0.001723,0.004823,-0.021378,-0.007588,0.004479,0.016201,0.015857,0.004823
5896.00,0.007320,0.009759,0.003416,-0.005368,0.002440,0.006832,-0.021952,-0.006584,0.006344,0.018783,0.018295,0.006832
5904.00,0.002450,0.003266,0.001143,-0.001796,0.000817,0.002286,-0.020653,-0.008857,0.002123,0.012940,0.012776,0.002286
5912.00,0.007933,0.010577,0.003702,-0.005817,0.002644,0.007404,-0.022115,-0.006298,0.006875,0.019519,0.018990,0.007404
5920.00,0.021734,0.028978,0.010142,-0.015938,0.007245,0.020285,-0.025796,0.000142,0.018836,0.036080,0.034631,0.020285
5928.00,0.029301,0.039068,0.013674,-0.021488,0.009767,0.027348,-0.027814,0.003674,0.025394,0.045162,0.043208,0.027348
5936.00,0.039277,0.052369,0.018329,-0.028803,0.013092,0.036658,-0.030474,0.008329,0.034040,0.057132,0.054514,0.036658
5944.00,0.061973,0.082630,0.028921,-0.045447,0.020658,0.057841,-0.036526,0.018921,0.053710,0.084367,0.080236,0.057841
5952.00,0.080860,0.107813,0.037735,-0.059297,0.026953,0.075469,-0.041563,0.027735,0.070079,0.107032,0.101641,0.075469
5960.00,0.085059,0.113412,0.039694,-0.062376,0.028353,0.079388,-0.042682,0.029694,0.073718,0.112071,0.106400,0.079388
5968.00,0.087470,0.116627,0.040819,-0.064145,0.029157,0.081639,-0.043325,0.030819,0.075807,0.114964,0.109133,0.081639
5976.00,0.088250,0.117666,0.041183,-0.064717,0.029417,0.082367,-0.043533,0.031183,0.076483,0.115900,0.110016,0.082367
5984.00,0.072767,0.097023,0.033958,-0.053363,0.024256,0.067916,-0.039405,0.023958,0.063065,0.097321,0.092469,0.067916
5992.00,0.049609,0.066146,0.023151,-0.036380,0.016536,0.046302,-0.033229,0.013151,0.042995,0.069531,0.066224,0.046302
6000.00,0.037000,0.049333,0.017267,-0.027133,0.012333,0.034533,-0.029867,0.007267,0.032067,0.054400,0.051933,0.034533
6008.00,0.027195,0.036259,0.012691,-0.019943,0.009065,0.025382,-0.027252,0.002691,0.023569,0.042634,0.040821,0.025382
6016.00,0.010847,0.014463,0.005062,-0.007955,0.003616,0.010124,-0.022893,-0.004938,0.009401,0.023016,0.022293,0.010124
6024.00,0.002181,0.002908,0.001018,-0.001599,0.000727,0.002035,-0.020582,-0.008982,0.001890,0.012617,0.012472,0.002035
6032.00,0.005362,0.007149,0.002502,-0.003932,0.001787,0.005004,-0.021430,-0.007498,0.004647,0.016434,0.016077,0.005004
6040.00,0.003016,0.004021,0.001407,-0.002212,0.001005,0.002815,-0.020804,-0.008593,0.002614,0.013619,0.013418,0.002815
6048.00,-0.004635,-0.006181,-0.002163,0.003399,-0.001545,-0.004326,-0.018764,-0.012163,-0.004017,0.004437,0.004746,-0.004326
6056.00,-0.002152,-0.002870,-0.001004,0.001578,-0.000717,-0.002009,-0.019426,-0.011004,-0.001865,0.007417,0.007561,-0.002009
6064.00,0.003184,0.004245,0.001486,-0.002335,0.001061,0.002971,-0.020849,-0.008514,0.002759,0.013820,0.013608,0.002971
6072.00,-0.002072,-0.002763,-0.000967,0.001520,-0.000691,-0.001934,-0.019447,-0.010967,-0.001796,0.007513,0.007651,-0.001934
6080.00,-0.005972,-0.007962,-0.002787,0.004379,-0.001991,-0.005574,-0.018408,-0.012787,-0.005176,0.002834,0.003232,-0.005574
6088.00,-0.000045,-0.000060,-0.000021,0.000033,-0.000015,-0.000042,-0.019988,-0.010021,-0.000039,0.009946,0.009949,-0.000042
6096.00,-0.004753,-0.006338,-0.002218,0.003486,-0.001584,-0.004436,-0.018732,-0.012218,-0.004120,0.004296,0.004613,-0.004436
6104.00,-0.047501,-0.063334,-0.022167,0.034834,-0.015834,-0.044334,-0.007333,-0.032167,-0.041167,-0.047001,-0.043834,-0.044334
6112.00,-0.110221,-0.146961,-0.051437,0.080829,-0.036740,-0.102873,0.009392,-0.061437,-0.095525,-0.122265,-0.114917,-0.102873
6120.00,-0.047528,-0.063371,-0.022180,0.034854,-0.015843,-0.044359,-0.007326,-0.032180,-0.041191,-0.047033,-0.043865,-0.044359
6128.00,0.253137,0.337517,0.118131,-0.185634,0.084379,0.236262,-0.087503,0.108131,0.219386,0.313765,0.296889,0.236262
6136.00,0.647836,0.863781,0.302323,-0.475080,0.215945,0.604647,-0.192756,0.292323,0.561458,0.787403,0.744214,0.604647
6144.00,0.732481,0.976642,0.341825,-0.537153,0.244160,0.683649,-0.215328,0.331825,0.634817,0.888978,0.840145,0.683649
6152.00,0.368057,0.490743,0.171760,-0.269909,0.122686,0.343520,-0.118149,0.161760,0.318983,0.451669,0.427132,0.343520
6160.00,-0.036489,-0.048652,-0.017028,0.026758,-0.012163,-0.034056,-0.010270,-0.027028,-0.031624,-0.033786,-0.031354,-0.034056
6168.00,-0.188815,-0.251754,-0.088114,0.138465,-0.062938,-0.176228,0.030351,-0.098114,-0.163640,-0.216578,-0.203991,-0.176228
6176.00,-0.147400,-0.196533,-0.068787,0.108093,-0.049133,-0.137573,0.019307,-0.078787,-0.127746,-0.166880,-0.157053,-0.137573
6184.00,-0.067551,-0.090068,-0.031524,0.049538,-0.022517,-0.063048,-0.001986,-0.041524,-0.058545,-0.071062,-0.066558,-0.063048
6192.00,-0.022179,-0.029572,-0.010350,0.016265,-0.007393,-0.020701,-0.014086,-0.020350,-0.019222,-0.016615,-0.015136,-0.020701
6200.00,0.001081,0.001442,0.000505,-0.000793,0.000360,0.001009,-0.020288,-0.009495,0.000937,0.011298,0.011226,0.001009
6208.00,0.012093,0.016125,0.005644,-0.008868,0.004031,0.011287,-0.023225,-0.004356,0.010481,0.024512,0.023706,0.011287
6216.00,0.010976,0.014635,0.005122,-0.008049,0.003659,0.010245,-0.022927,-0.004878,0.009513,0.023172,0.022440,0.010245
6224.00,0.014832,0.019776,0.006922,-0.010877,0.004944,0.013844,-0.023955,-0.003078,0.012855,0.027799,0.026810,0.013844
6232.00,0.029290,0.039053,0.013669,-0.021479,0.009763,0.027337,-0.027811,0.003669,0.025385,0.045148,0.043195,0.027337
6240.00,0.038231,0.050975,0.017841,-0.028036,0.012744,0.035682,-0.030195,0.007841,0.033134,0.055877,0.053329,0.035682
6248.00,0.042835,0.057113,0.019990,-0.031412,0.014278,0.039979,-0.031423,0.009990,0.037123,0.061402,0.058546,0.039979
6256.00,0.059113,0.078817,0.027586,-0.043349,0.019704,0.055172,-0.035763,0.017586,0.051231,0.080936,0.076995,0.055172
6264.00,0.080006,0.106674,0.037336,-0.058671,0.026669,0.074672,-0.041335,0.027336,0.069338,0.106007,0.100673,0.074672
6272.00,0.092008,0.122678,0.042937,-0.067473,0.030669,0.085874,-0.044536,0.032937,0.079741,0.120410,0.114276,0.085874
6280.00,0.106793,0.142390,0.049837,-0.078315,0.035598,0.099673,-0.048478,0.039837,0.092554,0.138151,0.131032,0.099673
6288.00,0.132696,0.176928,0.061925,-0.097310,0.044232,0.123850,-0.055386,0.051925,0.115003,0.169235,0.160389,0.123850
6296.00,0.153775,0.205033,0.071762,-0.112768,0.051258,0.143523,-0.061007,0.061762,0.133272,0.194530,0.184278,0.143523
6304.00,0.166193,0.221591,0.077557,-0.121875,0.055398,0.155114,-0.064318,0.067557,0.144034,0.209432,0.198352,0.155114
6312.00,0.185594,0.247459,0.086611,-0.136102,0.061865,0.173221,-0.069492,0.076611,0.160848,0.232713,0.220340,0.173221
6320.00,0.208046,0.277395,0.097088,-0.152567,0.069349,0.194177,-0.075479,0.087088,0.180307,0.259656,0.245786,0.194177
6328.00,0.217437,0.289915,0.101470,-0.159453,0.072479,0.202941,-0.077983,0.091470,0.188445,0.270924,0.256428,0.202941
6336.00,0.221897,0.295862,0.103552,-0.162724,0.073966,0.207103,-0.079172,0.093552,0.192310,0.276276,0.261483,0.207103
6344.00,0.232908,0.310544,0.108690,-0.170799,0.077636,0.217381,-0.082109,0.098690,0.201854,0.289490,0.273962,0.217381
6352.00,0.236841,0.315788,0.110526,-0.173683,0.078947,0.221051,-0.083158,0.100526,0.205262,0.294209,0.278420,0.221051
6360.00,0.226621,0.302161,0.105756,-0.166188,0.075540,0.211513,-0.080432,0.095756,0.196404,0.281945,0.266837,0.211513
6368.00,0.218385,0.291180,0.101913,-0.160149,0.072795,0.203826,-0.078236,0.091913,0.189267,0.272062,0.257503,0.203826
6376.00,0.213588,0.284784,0.099674,-0.156631,0.071196,0.199349,-0.076957,0.089674,0.185110,0.266306,0.252066,0.199349
6384.00,0.196506,0.262008,0.091703,-0.144104,0.065502,0.183406,-0.072402,0.081703,0.170305,0.245807,0.232707,0.183406
6392.00,0.172983,0.230644,0.080725,-0.126854,0.057661,0.161451,-0.066129,0.070725,0.149919,0.217580,0.206047,0.161451
6400.00,0.158282,0.211042,0.073865,-0.116073,0.052761,0.147729,-0.062208,0.063865,0.137177,0.199938,0.189386,0.147729
6408.00,0.142748,0.190330,0.066616,-0.104682,0.047583,0.133231,-0.058066,0.056616,0.123715,0.181297,0.171781,0.133231
6416.00,0.116678,0.155571,0.054450,-0.085564,0.038893,0.108900,-0.051114,0.044450,0.101121,0.150014,0.142235,0.108900
6424.00,0.095200,0.126933,0.044426,-0.069813,0.031733,0.088853,-0.045387,0.034426,0.082506,0.124239,0.117893,0.088853
6432.00,0.083962,0.111949,0.039182,-0.061572,0.027987,0.078365,-0.042390,0.029182,0.072767,0.110755,0.105157,0.078365
6440.00,0.067038,0.089384,0.031284,-0.049161,0.022346,0.062569,-0.037877,0.021284,0.058100,0.090446,0.085976,0.062569
6448.00,0.045717,0.060956,0.021335,-0.033526,0.015239,0.042669,-0.032191,0.011335,0.039622,0.064861,0.061813,0.042669
6456.00,0.036063,0.048084,0.016829,-0.026446,0.012021,0.033659,-0.029617,0.006829,0.031254,0.053275,0.050871,0.033659
6464.00,0.031053,0.041404,0.014491,-0.022772,0.010351,0.028983,-0.028281,0.004491,0.026913,0.047263,0.045193,0.028983
6472.00,0.017259,0.023012,0.008054,-0.012656,0.005753,0.016108,-0.024602,-0.001946,0.014958,0.030710,0.029560,0.016108
6480.00,0.006512,0.008682,0.003039,-0.004775,0.002171,0.006078,-0.021736,-0.006961,0.005643,0.017814,0.017380,0.006078
6488.00,0.007423,0.009897,0.003464,-0.005443,0.002474,0.006928,-0.021979,-0.006536,0.006433,0.018907,0.018412,0.006928
6496.00,0.004451,0.005935,0.002077,-0.003264,0.001484,0.004155,-0.021187,-0.007923,0.003858,0.015342,0.015045,0.004155
6504.00,-0.005715,-0.007620,-0.002667,0.004191,-0.001905,-0.005334,-0.018476,-0.012667,-0.004953,0.003142,0.003523,-0.005334
6512.00,-0.006817,-0.009089,-0.003181,0.004999,-0.002272,-0.006362,-0.018182,-0.013181,-0.005908,0.001820,0.002274,-0.006362
6520.00,-0.002126,-0.002835,-0.000992,0.001559,-0.000709,-0.001984,-0.019433,-0.010992,-0.001843,0.007449,0.007591,-0.001984
6528.00,-0.007110,-0.009481,-0.003318,0.005214,-0.002370,-0.006636,-0.018104,-0.013318,-0.006162,0.001467,0.001941,-0.006636
6536.00,-0.013074,-0.017432,-0.006101,0.009587,-0.004358,-0.012202,-0.016514,-0.016101,-0.011331,-0.005689,-0.004817,-0.012202
6544.00,-0.008112,-0.010816,-0.003785,0.005949,-0.002704,-0.007571,-0.017837,-0.013785,-0.007030,0.000266,0.000807,-0.007571
6552.00,-0.005624,-0.007498,-0.002624,0.004124,-0.001875,-0.005249,-0.018500,-0.012624,-0.004874,0.003251,0.003626,-0.005249
6560.00,-0.012679,-0.016905,-0.005917,0.009298,-0.004226,-0.011834,-0.016619,-0.015917,-0.010988,-0.005215,-0.004369,-0.011834
6568.00,-0.013367,-0.017823,-0.006238,0.009803,-0.004456,-0.012476,-0.016435,-0.016238,-0.011585,-0.006041,-0.005149,-0.012476
6576.00,-0.006683,-0.008911,-0.003119,0.004901,-0.002228,-0.006238,-0.018218,-0.013119,-0.005792,0.001980,0.002426,-0.006238
6584.00,-0.008985,-0.011981,-0.004193,0.006589,-0.002995,-0.008386,-0.017604,-0.014193,-0.007787,-0.000782,-0.000183,-0.008386
6592.00,-0.015197,-0.020263,-0.007092,0.011145,-0.005066,-0.014184,-0.015947,-0.017092,-0.013171,-0.008237,-0.007224,-0.014184
6600.00,-0.010897,-0.014529,-0.005085,0.007991,-0.003632,-0.010171,-0.017094,-0.015085,-0.009444,-0.003076,-0.002350,-0.010171
6608.00,-0.006587,-0.008782,-0.003074,0.004830,-0.002196,-0.006148,-0.018244,-0.013074,-0.005708,0.002096,0.002535,-0.006148
6616.00,-0.012767,-0.017023,-0.005958,0.009362,-0.004256,-0.011916,-0.016595,-0.015958,-0.011065,-0.005320,-0.004469,-0.011916
6624.00,-0.015009,-0.020012,-0.007004,0.011006,-0.005003,-0.014008,-0.015998,-0.017004,-0.013007,-0.008010,-0.007010,-0.014008
6632.00,-0.008224,-0.010966,-0.003838,0.006031,-0.002741,-0.007676,-0.017807,-0.013838,-0.007128,0.000131,0.000679,-0.007676
6640.00,-0.008752,-0.011670,-0.004084,0.006418,-0.002917,-0.008169,-0.017666,-0.014084,-0.007585,-0.000503,0.000081,-0.008169
6648.00,-0.015560,-0.020746,-0.007261,0.011410,-0.005187,-0.014522,-0.015851,-0.017261,-0.013485,-0.008672,-0.007634,-0.014522
6656.00,-0.012695,-0.016927,-0.005925,0.009310,-0.004232,-0.011849,-0.016615,-0.015925,-0.011003,-0.005235,-0.004388,-0.011849
6664.00,-0.007172,-0.009562,-0.003347,0.005259,-0.002391,-0.006694,-0.018088,-0.013347,-0.006215,0.001394,0.001872,-0.006694
6672.00,-0.012311,-0.016415,-0.005745,0.009028,-0.004104,-0.011491,-0.016717,-0.015745,-0.010670,-0.004774,-0.003953,-0.011491
6680.00,-0.016109,-0.021479,-0.007518,0.011813,-0.005370,-0.015035,-0.015704,-0.017518,-0.013961,-0.009331,-0.008257,-0.015035
6688.00,-0.009739,-0.012985,-0.004545,0.007142,-0.003246,-0.009090,-0.017403,-0.014545,-0.008441,-0.001687,-0.001038,-0.009090
6696.00,-0.008507,-0.011342,-0.003970,0.006238,-0.002836,-0.007940,-0.017732,-0.013970,-0.007373,-0.000208,0.000359,-0.007940
6704.00,-0.015478,-0.020637,-0.007223,0.011350,-0.005159,-0.014446,-0.015873,-0.017223,-0.013414,-0.008573,-0.007541,-0.014446
6712.00,-0.014126,-0.018835,-0.006592,0.010359,-0.004709,-0.013185,-0.016233,-0.016592,-0.012243,-0.006952,-0.006010,-0.013185
6720.00,-0.007398,-0.009863,-0.003452,0.005425,-0.002466,-0.006904,-0.018027,-0.013452,-0.006411,0.001123,0.001616,-0.006904
6728.00,-0.010300,-0.013733,-0.004807,0.007553,-0.003433,-0.009613,-0.017253,-0.014807,-0.008926,-0.002360,-0.001673,-0.009613
6736.00,-0.013449,-0.017933,-0.006276,0.009863,-0.004483,-0.012553,-0.016413,-0.016276,-0.011656,-0.006139,-0.005243,-0.012553
6744.00,-0.003981,-0.005308,-0.001858,0.002919,-0.001327,-0.003716,-0.018938,-0.011858,-0.003450,0.005223,0.005488,-0.003716
6752.00,0.005831,0.007775,0.002721,-0.004276,0.001944,0.005442,-0.021555,-0.007279,0.005054,0.016997,0.016609,0.005442
6760.00,0.009826,0.013102,0.004586,-0.007206,0.003275,0.009171,-0.022620,-0.005414,0.008516,0.021792,0.021137,0.009171
6768.00,0.023977,0.031969,0.011189,-0.017583,0.007992,0.022378,-0.026394,0.001189,0.020780,0.038772,0.037174,0.022378
6776.00,0.047897,0.063862,0.022352,-0.035124,0.015966,0.044704,-0.032772,0.012352,0.041510,0.067476,0.064283,0.044704
6784.00,0.062259,0.083012,0.029054,-0.045657,0.020753,0.058109,-0.036602,0.019054,0.053958,0.084711,0.080560,0.058109
6792.00,0.068302,0.091069,0.031874,-0.050088,0.022767,0.063748,-0.038214,0.021874,0.059195,0.091962,0.087409,0.063748
6800.00,0.077161,0.102881,0.036008,-0.056585,0.025720,0.072017,-0.040576,0.026008,0.066873,0.102593,0.097449,0.072017
6808.00,0.077038,0.102717,0.035951,-0.056494,0.025679,0.071902,-0.040543,0.025951,0.066766,0.102445,0.097309,0.071902
6816.00,0.058736,0.078315,0.027410,-0.043073,0.019579,0.054821,-0.035663,0.017410,0.050905,0.080484,0.076568,0.054821
6824.00,0.039983,0.053311,0.018659,-0.029321,0.013328,0.037318,-0.030662,0.008659,0.034652,0.057980,0.055314,0.037318
6832.00,0.029718,0.039625,0.013869,-0.021793,0.009906,0.027737,-0.027925,0.003869,0.025756,0.045662,0.043681,0.027737
6840.00,0.014593,0.019457,0.006810,-0.010701,0.004864,0.013620,-0.023891,-0.003190,0.012647,0.027511,0.026538,0.013620
6848.00,-0.002941,-0.003921,-0.001372,0.002157,-0.000980,-0.002745,-0.019216,-0.011372,-0.002549,0.006471,0.006667,-0.002745
6856.00,-0.006952,-0.009270,-0.003244,0.005098,-0.002317,-0.006489,-0.018146,-0.013244,-0.006025,0.001657,0.002121,-0.006489
6864.00,-0.005305,-0.007073,-0.002475,0.003890,-0.001768,-0.004951,-0.018585,-0.012475,-0.004597,0.003635,0.003988,-0.004951
6872.00,-0.012369,-0.016492,-0.005772,0.009071,-0.004123,-0.011545,-0.016702,-0.015772,-0.010720,-0.004843,-0.004018,-0.011545
6880.00,-0.017002,-0.022670,-0.007934,0.012468,-0.005667,-0.015869,-0.015466,-0.017934,-0.014735,-0.010403,-0.009269,-0.015869
6888.00,-0.010940,-0.014586,-0.005105,0.008022,-0.003647,-0.010210,-0.017083,-0.015105,-0.009481,-0.003127,-0.002398,-0.010210
6896.00,-0.009795,-0.013060,-0.004571,0.007183,-0.003265,-0.009142,-0.017388,-0.014571,-0.008489,-0.001754,-0.001101,-0.009142
6904.00,-0.016796,-0.022395,-0.007838,0.012317,-0.005599,-0.015676,-0.015521,-0.017838,-0.014556,-0.010155,-0.009035,-0.015676
6912.00,-0.015534,-0.020713,-0.007249,0.011392,-0.005178,-0.014499,-0.015857,-0.017249,-0.013463,-0.008641,-0.007606,-0.014499
6920.00,-0.009311,-0.012414,-0.004345,0.006828,-0.003104,-0.008690,-0.017517,-0.014345,-0.008069,-0.001173,-0.000552,-0.008690
6928.00,-0.016959,-0.022613,-0.007914,0.012437,-0.005653,-0.015829,-0.015477,-0.017914,-0.014698,-0.010351,-0.009221,-0.015829
6936.00,-0.050421,-0.067228,-0.023530,0.036975,-0.016807,-0.047059,-0.006554,-0.033530,-0.043698,-0.050505,-0.047143,-0.047059
6944.00,-0.110004,-0.146672,-0.051335,0.080670,-0.036668,-0.102671,0.009334,-0.061335,-0.095337,-0.122005,-0.114672,-0.102671
6952.00,-0.084593,-0.112790,-0.039477,0.062035,-0.028198,-0.078953,0.002558,-0.049477,-0.073314,-0.091511,-0.085872,-0.078953
6960.00,0.173403,0.231204,0.080921,-0.127162,0.057801,0.161843,-0.066241,0.070921,0.150283,0.218084,0.206523,0.161843
6968.00,0.582100,0.776134,0.271647,-0.426874,0.194033,0.543294,-0.175227,0.261647,0.504487,0.708520,0.669714,0.543294
6976.00,0.747966,0.997288,0.349051,-0.548509,0.249322,0.698102,-0.219458,0.339051,0.648238,0.907560,0.857695,0.698102
6984.00,0.432073,0.576098,0.201634,-0.316854,0.144024,0.403268,-0.135220,0.191634,0.374463,0.528488,0.499683,0.403268
6992.00,0.002834,0.003779,0.001323,-0.002078,0.000945,0.002645,-0.020756,-0.008677,0.002456,0.013401,0.013212,0.002645
7000.00,-0.187180,-0.249574,-0.087351,0.137266,-0.062393,-0.174702,0.029915,-0.097351,-0.162223,-0.214617,-0.202138,-0.174702
7008.00,-0.169060,-0.225414,-0.078895,0.123978,-0.056353,-0.157790,0.025083,-0.088895,-0.146519,-0.192873,-0.181602,-0.157790
7016.00,-0.093054,-0.124072,-0.043425,0.068239,-0.031018,-0.086850,0.004814,-0.053425,-0.080647,-0.101664,-0.095461,-0.086850
7024.00,-0.036839,-0.049118,-0.017191,0.027015,-0.012280,-0.034383,-0.010176,-0.027191,-0.031927,-0.034206,-0.031750,-0.034383
7032.00,-0.006990,-0.009321,-0.003262,0.005126,-0.002330,-0.006524,-0.018136,-0.013262,-0.006058,0.001611,0.002077,-0.006524
7040.00,0.000310,0.000413,0.000145,-0.000227,0.000103,0.000289,-0.020083,-0.009855,0.000269,0.010372,0.010351,0.000289
7048.00,-0.001306,-0.001741,-0.000609,0.000958,-0.000435,-0.001219,-0.019652,-0.010609,-0.001132,0.008433,0.008520,-0.001219
7056.00,0.007589,0.010119,0.003542,-0.005565,0.002530,0.007083,-0.022024,-0.006458,0.006577,0.019107,0.018601,0.007083
7064.00,0.020671,0.027561,0.009646,-0.015159,0.006890,0.019293,-0.025512,-0.000354,0.017915,0.034805,0.033427,0.019293
7072.00,0.024857,0.033143,0.011600,-0.018228,0.008286,0.023200,-0.026629,0.001600,0.021543,0.039828,0.038171,0.023200
7080.00,0.032309,0.043078,0.015077,-0.023693,0.010770,0.030155,-0.028616,0.005077,0.028001,0.048770,0.046616,0.030155
7088.00,0.051927,0.069235,0.024232,-0.038079,0.017309,0.048465,-0.033847,0.014232,0.045003,0.072312,0.068850,0.048465
7096.00,0.068371,0.091162,0.031907,-0.050139,0.022790,0.063813,-0.038232,0.021907,0.059255,0.092046,0.087488,0.063813
7104.00,0.078399,0.104532,0.036586,-0.057493,0.026133,0.073172,-0.040906,0.026586,0.067946,0.104079,0.098852,0.073172
7112.00,0.098171,0.130894,0.045813,-0.071992,0.032724,0.091626,-0.046179,0.035813,0.085081,0.127805,0.121260,0.091626
7120.00,0.124139,0.165519,0.057931,-0.091035,0.041380,0.115863,-0.053104,0.047931,0.107587,0.158967,0.150691,0.115863
7128.00,0.140383,0.187177,0.065512,-0.102947,0.046794,0.131024,-0.057435,0.055512,0.121665,0.178460,0.169101,0.131024
7136.00,0.154994,0.206659,0.072331,-0.113662,0.051665,0.144661,-0.061332,0.062331,0.134328,0.195993,0.185660,0.144661
7144.00,0.179161,0.238881,0.083608,-0.131385,0.059720,0.167217,-0.067776,0.073608,0.155273,0.224993,0.213049,0.167217
7152.00,0.198713,0.264951,0.092733,-0.145723,0.066238,0.185466,-0.072990,0.082733,0.172218,0.248456,0.235209,0.185466
7160.00,0.205827,0.274436,0.096053,-0.150940,0.068609,0.192105,-0.074887,0.086053,0.178383,0.256992,0.243271,0.192105
7168.00,0.215737,0.287650,0.100677,-0.158207,0.071912,0.201355,-0.077530,0.090677,0.186972,0.268885,0.254502,0.201355
7176.00,0.228923,0.305231,0.106831,-0.167877,0.076308,0.213662,-0.081046,0.096831,0.198400,0.284708,0.269446,0.213662
7184.00,0.228701,0.304934,0.106727,-0.167714,0.076234,0.213454,-0.080987,0.096727,0.198207,0.284441,0.269194,0.213454
7192.00,0.220055,0.293406,0.102692,-0.161374,0.073352,0.205384,-0.078681,0.092692,0.190714,0.274066,0.259395,0.205384
7200.00,0.217562,0.290083,0.101529,-0.159545,0.072521,0.203058,-0.078017,0.091529,0.188554,0.271074,0.256570,0.203058
7208.00,0.211109,0.281478,0.098517,-0.154813,0.070370,0.197035,-0.076296,0.088517,0.182961,0.263330,0.249257,0.197035
7216.00,0.190783,0.254377,0.089032,-0.139908,0.063594,0.178064,-0.070875,0.079032,0.165345,0.238940,0.226221,0.178064
7224.00,0.171752,0.229003,0.080151,-0.125951,0.057251,0.160302,-0.065801,0.070151,0.148852,0.216102,0.204652,0.160302
7232.00,0.159928,0.213237,0.074633,-0.117281,0.053309,0.149266,-0.062647,0.064633,0.138604,0.201914,0.191252,0.149266
7240.00,0.139818,0.186424,0.065249,-0.102533,0.046606,0.130497,-0.057285,0.055249,0.121176,0.177782,0.168461,0.130497
7248.00,0.113263,0.151017,0.052856,-0.083059,0.037754,0.105712,-0.050203,0.042856,0.098161,0.145916,0.138365,0.105712
7256.00,0.096927,0.129236,0.045233,-0.071080,0.032309,0.090465,-0.045847,0.035233,0.084003,0.126312,0.119851,0.090465
7264.00,0.084384,0.112513,0.039379,-0.061882,0.028128,0.078759,-0.042503,0.029379,0.073133,0.111261,0.105636,0.078759
7272.00,0.062748,0.083664,0.029283,-0.046015,0.020916,0.058565,-0.036733,0.019283,0.054382,0.085298,0.081115,0.058565
7280.00,0.044304,0.059072,0.020675,-0.032490,0.014768,0.041351,-0.031814,0.010675,0.038397,0.063165,0.060212,0.041351
7288.00,0.038012,0.050682,0.017739,-0.027875,0.012671,0.035478,-0.030136,0.007739,0.032944,0.055614,0.053080,0.035478
7296.00,0.028568,0.038090,0.013332,-0.020950,0.009523,0.026663,-0.027618,0.003332,0.024759,0.044281,0.042377,0.026663
7304.00,0.012794,0.017059,0.005971,-0.009382,0.004265,0.011941,-0.023412,-0.004029,0.011088,0.025353,0.024500,0.011941
7312.00,0.006995,0.009327,0.003265,-0.005130,0.002332,0.006529,-0.021865,-0.006735,0.006063,0.018394,0.017928,0.006529
7320.00,0.007877,0.010503,0.003676,-0.005777,0.002626,0.007352,-0.022101,-0.006324,0.006827,0.019452,0.018927,0.007352
7328.00,-0.000100,-0.000134,-0.000047,0.000073,-0.000033,-0.000094,-0.019973,-0.010047,-0.000087,0.009880,0.009886,-0.000094
7336.00,-0.008340,-0.011120,-0.003892,0.006116,-0.002780,-0.007784,-0.017776,-0.013892,-0.007228,-0.000008,0.000548,-0.007784
7344.00,-0.005051,-0.006735,-0.002357,0.003704,-0.001684,-0.004714,-0.018653,-0.012357,-0.004378,0.003939,0.004275,-0.004714
7352.00,-0.003746,-0.004994,-0.001748,0.002747,-0.001249,-0.003496,-0.019001,-0.011748,-0.003246,0.005505,0.005755,-0.003496
7360.00,-0.011597,-0.015463,-0.005412,0.008505,-0.003866,-0.010824,-0.016907,-0.015412,-0.010051,-0.003917,-0.003144,-0.010824
7368.00,-0.012787,-0.017050,-0.005967,0.009377,-0.004262,-0.011935,-0.016590,-0.015967,-0.011082,-0.005345,-0.004492,-0.011935
7376.00,-0.006387,-0.008516,-0.002981,0.004684,-0.002129,-0.005961,-0.018297,-0.012981,-0.005535,0.002336,0.002761,-0.005961
7384.00,-0.008815,-0.011753,-0.004113,0.006464,-0.002938,-0.008227,-0.017649,-0.014113,-0.007639,-0.000578,0.000010,-0.008227
7392.00,-0.015041,-0.020055,-0.007019,0.011030,-0.005014,-0.014039,-0.015989,-0.017019,-0.013036,-0.008050,-0.007047,-0.014039
7400.00,-0.010679,-0.014239,-0.004984,0.007832,-0.003560,-0.009967,-0.017152,-0.014984,-0.009255,-0.002815,-0.002103,-0.009967
7408.00,-0.006257,-0.008342,-0.002920,0.004588,-0.002086,-0.005839,-0.018332,-0.012920,-0.005422,0.002492,0.002909,-0.005839
7416.00,-0.012291,-0.016388,-0.005736,0.009014,-0.004097,-0.011472,-0.016722,-0.015736,-0.010652,-0.004749,-0.003930,-0.011472
7424.00,-0.014366,-0.019155,-0.006704,0.010535,-0.004789,-0.013408,-0.016169,-0.016704,-0.012451,-0.007239,-0.006282,-0.013408
7432.00,-0.007402,-0.009869,-0.003454,0.005428,-0.002467,-0.006908,-0.018026,-0.013454,-0.006415,0.001118,0.001612,-0.006908
7440.00,-0.007742,-0.010323,-0.003613,0.005677,-0.002581,-0.007226,-0.017935,-0.013613,-0.006710,0.000710,0.001226,-0.007226
7448.00,-0.014357,-0.019142,-0.006700,0.010528,-0.004786,-0.013399,-0.016172,-0.016700,-0.012442,-0.007228,-0.006271,-0.013399
7456.00,-0.011297,-0.015063,-0.005272,0.008285,-0.003766,-0.010544,-0.016987,-0.015272,-0.009791,-0.003557,-0.002803,-0.010544
7464.00,-0.005577,-0.007436,-0.002603,0.004090,-0.001859,-0.005205,-0.018513,-0.012603,-0.004833,0.003308,0.003680,-0.005205
7472.00,-0.010519,-0.014026,-0.004909,0.007714,-0.003506,-0.009818,-0.017195,-0.014909,-0.009117,-0.002623,-0.001922,-0.009818
7480.00,-0.014120,-0.018827,-0.006589,0.010355,-0.004707,-0.013179,-0.016235,-0.016589,-0.012238,-0.006944,-0.006003,-0.013179
7488.00,-0.007556,-0.010075,-0.003526,0.005541,-0.002519,-0.007052,-0.017985,-0.013526,-0.006549,0.000933,0.001437,-0.007052
7496.00,-0.006138,-0.008184,-0.002865,0.004501,-0.002046,-0.005729,-0.018363,-0.012865,-0.005320,0.002634,0.003043,-0.005729
7504.00,-0.012953,-0.017271,-0.006045,0.009499,-0.004318,-0.012089,-0.016546,-0.016045,-0.011226,-0.005544,-0.004680,-0.012089
7512.00,-0.011532,-0.015375,-0.005381,0.008456,-0.003844,-0.010763,-0.016925,-0.015381,-0.009994,-0.003838,-0.003069,-0.010763
7520.00,-0.004959,-0.006611,-0.002314,0.003636,-0.001653,-0.004628,-0.018678,-0.012314,-0.004297,0.004050,0.004380,-0.004628
7528.00,-0.008540,-0.011387,-0.003986,0.006263,-0.002847,-0.007971,-0.017723,-0.013986,-0.007402,-0.000249,0.000321,-0.007971
7536.00,-0.013436,-0.017915,-0.006270,0.009853,-0.004479,-0.012541,-0.016417,-0.016270,-0.011645,-0.006124,-0.005228,-0.012541
7544.00,-0.007593,-0.010124,-0.003543,0.005568,-0.002531,-0.007087,-0.017975,-0.013543,-0.006581,0.000889,0.001395,-0.007087
7552.00,-0.004211,-0.005614,-0.001965,0.003088,-0.001404,-0.003930,-0.018877,-0.011965,-0.003649,0.004947,0.005228,-0.003930
7560.00,-0.010032,-0.013376,-0.004682,0.007357,-0.003344,-0.009363,-0.017325,-0.014682,-0.008694,-0.002038,-0.001369,-0.009363
7568.00,-0.008595,-0.011460,-0.004011,0.006303,-0.002865,-0.008022,-0.017708,-0.014011,-0.007449,-0.000314,0.000259,-0.008022
7576.00,0.001947,0.002597,0.000909,-0.001428,0.000649,0.001818,-0.020519,-0.009091,0.001688,0.012337,0.012207,0.001818
7584.00,0.006292,0.008390,0.002936,-0.004614,0.002097,0.005873,-0.021678,-0.007064,0.005453,0.017551,0.017131,0.005873
7592.00,0.010452,0.013936,0.004878,-0.007665,0.003484,0.009755,-0.022787,-0.005122,0.009058,0.022542,0.021846,0.009755
7600.00,0.029065,0.038753,0.013564,-0.021314,0.009688,0.027127,-0.027751,0.003564,0.025190,0.044878,0.042940,0.027127
7608.00,0.050483,0.067311,0.023559,-0.037021,0.016828,0.047117,-0.033462,0.013559,0.043752,0.070580,0.067214,0.047117
7616.00,0.061457,0.081942,0.028680,-0.045068,0.020486,0.057360,-0.036388,0.018680,0.053262,0.083748,0.079651,0.057360
7624.00,0.072624,0.096832,0.033891,-0.053258,0.024208,0.067783,-0.039366,0.023891,0.062941,0.097149,0.092307,0.067783
7632.00,0.085576,0.114102,0.039936,-0.062756,0.028525,0.079871,-0.042820,0.029936,0.074166,0.112691,0.106986,0.079871
7640.00,0.082268,0.109690,0.038392,-0.060330,0.027423,0.076783,-0.041938,0.028392,0.071299,0.108721,0.103237,0.076783
7648.00,0.064610,0.086146,0.030151,-0.047381,0.021537,0.060302,-0.037229,0.020151,0.055995,0.087532,0.083224,0.060302
7656.00,0.051603,0.068805,0.024082,-0.037843,0.017201,0.048163,-0.033761,0.014082,0.044723,0.071924,0.068484,0.048163
7664.00,0.040105,0.053474,0.018716,-0.029410,0.013368,0.037431,-0.030695,0.008716,0.034758,0.058126,0.055453,0.037431
7672.00,0.019998,0.026664,0.009332,-0.014665,0.006666,0.018665,-0.025333,-0.000668,0.017332,0.033997,0.032664,0.018665
7680.00,0.004978,0.006638,0.002323,-0.003651,0.001659,0.004646,-0.021328,-0.007677,0.004315,0.015974,0.015642,0.004646
7688.00,0.004054,0.005405,0.001892,-0.002973,0.001351,0.003784,-0.021081,-0.008108,0.003513,0.014865,0.014594,0.003784
7696.00,0.001152,0.001536,0.000538,-0.000845,0.000384,0.001075,-0.020307,-0.009462,0.000998,0.011382,0.011306,0.001075
7704.00,-0.007864,-0.010485,-0.003670,0.005767,-0.002621,-0.007339,-0.017903,-0.013670,-0.006815,0.000564,0.001088,-0.007339
7712.00,-0.007432,-0.009909,-0.003468,0.005450,-0.002477,-0.006936,-0.018018,-0.013468,-0.006441,0.001082,0.001577,-0.006936
7720.00,-0.001247,-0.001662,-0.000582,0.000914,-0.000416,-0.001163,-0.019668,-0.010582,-0.001080,0.008504,0.008587,-0.001163
7728.00,-0.004960,-0.006613,-0.002314,0.003637,-0.001653,-0.004629,-0.018677,-0.012314,-0.004298,0.004048,0.004379,-0.004629
7736.00,-0.009909,-0.013211,-0.004624,0.007266,-0.003303,-0.009248,-0.017358,-0.014624,-0.008587,-0.001890,-0.001230,-0.009248
7744.00,-0.004157,-0.005543,-0.001940,0.003049,-0.001386,-0.003880,-0.018891,-0.011940,-0.003603,0.005012,0.005289,-0.003880
7752.00,-0.001161,-0.001548,-0.000542,0.000851,-0.000387,-0.001083,-0.019690,-0.010542,-0.001006,0.008607,0.008684,-0.001083
7760.00,-0.010271,-0.013695,-0.004793,0.007532,-0.003424,-0.009587,-0.017261,-0.014793,-0.008902,-0.002326,-0.001641,-0.009587
7768.00,-0.032474,-0.043299,-0.015155,0.023814,-0.010825,-0.030309,-0.011340,-0.025155,-0.028144,-0.028969,-0.026804,-0.030309
7776.00,-0.088237,-0.117650,-0.041177,0.064707,-0.029412,-0.082355,0.003530,-0.051177,-0.076472,-0.095885,-0.090002,-0.082355
7784.00,-0.096564,-0.128752,-0.045063,0.070813,-0.032188,-0.090126,0.005750,-0.055063,-0.083689,-0.105876,-0.099439,-0.090126
7792.00,0.119856,0.159807,0.055933,-0.087894,0.039952,0.111865,-0.051961,0.045933,0.103875,0.153827,0.145836,0.111865
7800.00,0.530741,0.707655,0.247679,-0.389210,0.176914,0.495358,-0.161531,0.237679,0.459976,0.646889,0.611507,0.495358
7808.00,0.766306,1.021741,0.357609,-0.561958,0.255435,0.715219,-0.224348,0.347609,0.664132,0.929567,0.878480,0.715219
7816.00,0.512404,0.683205,0.239122,-0.375763,0.170801,0.478244,-0.156641,0.229122,0.444083,0.624885,0.590724,0.478244
7824.00,0.071871,0.095828,0.033540,-0.052705,0.023957,0.067079,-0.039166,0.023540,0.062288,0.096245,0.091453,0.067079
7832.00,-0.159613,-0.212817,-0.074486,0.117050,-0.053204,-0.148972,0.022563,-0.084486,-0.138331,-0.181536,-0.170895,-0.148972
7840.00,-0.171400,-0.228533,-0.079987,0.125693,-0.057133,-0.159973,0.025707,-0.089987,-0.148547,-0.195680,-0.184253,-0.159973
7848.00,-0.098580,-0.131440,-0.046004,0.072292,-0.032860,-0.092008,0.006288,-0.056004,-0.085436,-0.108296,-0.101724,-0.092008
7856.00,-0.030540,-0.040721,-0.014252,0.022396,-0.010180,-0.028504,-0.011856,-0.024252,-0.026468,-0.026649,-0.024613,-0.028504
7864.00,0.002808,0.003744,0.001310,-0.002059,0.000936,0.002621,-0.020749,-0.008690,0.002433,0.013369,0.013182,0.002621
7872.00,0.006958,0.009278,0.003247,-0.005103,0.002319,0.006494,-0.021856,-0.006753,0.006031,0.018350,0.017886,0.006494
7880.00,0.008548,0.011397,0.003989,-0.006268,0.002849,0.007978,-0.022279,-0.006011,0.007408,0.020257,0.019687,0.007978
7888.00,0.020876,0.027834,0.009742,-0.015309,0.006959,0.019484,-0.025567,-0.000258,0.018092,0.035051,0.033659,0.019484
7896.00,0.029523,0.039364,0.013777,-0.021650,0.009841,0.027555,-0.027873,0.003777,0.025587,0.045428,0.043459,0.027555
7904.00,0.031672,0.042229,0.014780,-0.023226,0.010557,0.029561,-0.028446,0.004780,0.027449,0.048006,0.045895,0.029561
7912.00,0.043958,0.058611,0.020514,-0.032236,0.014653,0.041027,-0.031722,0.010514,0.038097,0.062749,0.059819,0.041027
7920.00,0.063387,0.084516,0.029581,-0.046484,0.021129,0.059161,-0.036903,0.019581,0.054935,0.086064,0.081839,0.059161
7928.00,0.074639,0.099519,0.034832,-0.054735,0.024880,0.069663,-0.039904,0.024832,0.064687,0.099567,0.094591,0.069663
7936.00,0.086403,0.115204,0.040321,-0.063362,0.028801,0.080643,-0.043041,0.030321,0.074883,0.113684,0.107923,0.080643
7944.00,0.110402,0.147203,0.051521,-0.080962,0.036801,0.103042,-0.049441,0.041521,0.095682,0.142483,0.135123,0.103042
7952.00,0.132878,0.177171,0.062010,-0.097444,0.044293,0.124019,-0.055434,0.052010,0.115161,0.169454,0.160595,0.124019
7960.00,0.146233,0.194977,0.068242,-0.107237,0.048744,0.136484,-0.058995,0.058242,0.126735,0.185479,0.175730,0.136484
7968.00,0.165702,0.220936,0.077328,-0.121515,0.055234,0.154655,-0.064187,0.067328,0.143609,0.208843,0.197796,0.154655
7976.00,0.191515,0.255353,0.089374,-0.140444,0.063838,0.178747,-0.071071,0.079374,0.165980,0.239818,0.227050,0.178747
7984.00,0.206487,0.275316,0.096361,-0.151424,0.068829,0.192721,-0.075063,0.086361,0.178956,0.257785,0.244019,0.192721
7992.00,0.214884,0.286512,0.100279,-0.157582,0.071628,0.200559,-0.077302,0.090279,0.186233,0.267861,0.253536,0.200559
8000.00,0.230401,0.307202,0.107521,-0.168961,0.076800,0.215041,-0.081440,0.097521,0.199681,0.286482,0.271121,0.215041
8008.00,0.241956,0.322608,0.112913,-0.177434,0.080652,0.225825,-0.084522,0.102913,0.209695,0.300347,0.284216,0.225825
8016.00,0.238667,0.318223,0.111378,-0.175022,0.079556,0.222756,-0.083645,0.101378,0.206845,0.296400,0.280489,0.222756
8024.00,0.234820,0.313094,0.109583,-0.172202,0.078273,0.219166,-0.082619,0.099583,0.203511,0.291784,0.276130,0.219166
8032.00,0.235609,0.314145,0.109951,-0.172780,0.078536,0.219902,-0.082829,0.099951,0.204195,0.292731,0.277024,0.219902
8040.00,0.225041,0.300054,0.105019,-0.165030,0.075014,0.210038,-0.080011,0.095019,0.195035,0.280049,0.265046,0.210038
8048.00,0.204704,0.272939,0.095529,-0.150116,0.068235,0.191057,-0.074588,0.085529,0.177410,0.255645,0.241998,0.191057
8056.00,0.191265,0.255020,0.089257,-0.140261,0.063755,0.178514,-0.071004,0.079257,0.165763,0.239518,0.226767,0.178514
8064.00,0.178524,0.238033,0.083311,-0.130918,0.059508,0.166623,-0.067607,0.073311,0.154721,0.224229,0.212328,0.166623
8072.00,0.154007,0.205342,0.071870,-0.112938,0.051336,0.143739,-0.061068,0.061870,0.133472,0.194808,0.184541,0.143739
8080.00,0.130532,0.174043,0.060915,-0.095724,0.043511,0.121830,-0.054809,0.050915,0.113128,0.166639,0.157937,0.121830
8088.00,0.117658,0.156878,0.054907,-0.086283,0.039219,0.109814,-0.051376,0.044907,0.101970,0.151190,0.143346,0.109814
8096.00,0.100682,0.134243,0.046985,-0.073833,0.033561,0.093970,-0.046849,0.036985,0.087258,0.130818,0.124106,0.093970
8104.00,0.076979,0.102639,0.035924,-0.056451,0.025660,0.071847,-0.040528,0.025924,0.066715,0.102375,0.097243,0.071847
8112.00,0.063325,0.084433,0.029552,-0.046438,0.021108,0.059103,-0.036887,0.019552,0.054881,0.085990,0.081768,0.059103
8120.00,0.056791,0.075722,0.026503,-0.041647,0.018930,0.053005,-0.035144,0.016503,0.049219,0.078149,0.074363,0.053005
8128.00,0.042095,0.056126,0.019644,-0.030870,0.014032,0.039289,-0.031225,0.009644,0.036482,0.060514,0.057708,0.039289
8136.00,0.027983,0.037310,0.013059,-0.020521,0.009328,0.026117,-0.027462,0.003059,0.024252,0.043579,0.041714,0.026117
8144.00,0.026305,0.035073,0.012276,-0.019290,0.008768,0.024551,-0.027015,0.002276,0.022798,0.041566,0.039812,0.024551
8152.00,0.023536,0.031382,0.010984,-0.017260,0.007845,0.021967,-0.026276,0.000984,0.020398,0.038244,0.036675,0.021967
8160.00,0.012439,0.016585,0.005805,-0.009122,0.004146,0.011610,-0.023317,-0.004195,0.010780,0.024927,0.024097,0.011610
8168.00,0.008734,0.011646,0.004076,-0.006405,0.002911,0.008152,-0.022329,-0.005924,0.007570,0.020481,0.019899,0.008152
8176.00,0.013241,0.017654,0.006179,-0.009710,0.004414,0.012358,-0.023531,-0.003821,0.011475,0.025889,0.025006,0.012358
8184.00,0.009425,0.012567,0.004398,-0.006912,0.003142,0.008797,-0.022513,-0.005602,0.008168,0.021310,0.020682,0.008797
8192.00,0.002211,0.002947,0.001032,-0.001621,0.000737,0.002063,-0.020589,-0.008968,0.001916,0.012653,0.012505,0.002063
8200.00,0.005891,0.007855,0.002749,-0.004320,0.001964,0.005498,-0.021571,-0.007251,0.005105,0.017069,0.016676,0.005498
8208.00,0.009860,0.013146,0.004601,-0.007231,0.003287,0.009202,-0.022629,-0.005399,0.008545,0.021832,0.021174,0.009202
8216.00,0.003536,0.004714,0.001650,-0.002593,0.001179,0.003300,-0.020943,-0.008350,0.003064,0.014243,0.014007,0.003300
8224.00,0.001287,0.001716,0.000600,-0.000944,0.000429,0.001201,-0.020343,-0.009400,0.001115,0.011544,0.011458,0.001201
8232.00,0.008156,0.010874,0.003806,-0.005981,0.002719,0.007612,-0.022175,-0.006194,0.007068,0.019787,0.019243,0.007612
8240.00,0.007772,0.010363,0.003627,-0.005700,0.002591,0.007254,-0.022073,-0.006373,0.006736,0.019327,0.018809,0.007254
8248.00,0.001148,0.001530,0.000536,-0.000842,0.000383,0.001071,-0.020306,-0.009464,0.000995,0.011377,0.011301,0.001071
8256.00,0.004218,0.005623,0.001968,-0.003093,0.001406,0.003936,-0.021125,-0.008032,0.003655,0.015061,0.014780,0.003936
8264.00,0.009960,0.013280,0.004648,-0.007304,0.003320,0.009296,-0.022656,-0.005352,0.008632,0.021952,0.021288,0.009296
8272.00,0.005047,0.006729,0.002355,-0.003701,0.001682,0.004710,-0.021346,-0.007645,0.004374,0.016056,0.015720,0.004710
8280.00,0.001477,0.001970,0.000689,-0.001083,0.000492,0.001379,-0.020394,-0.009311,0.001280,0.011773,0.011674,0.001379
8288.00,0.008074,0.010765,0.003768,-0.005921,0.002691,0.007536,-0.022153,-0.006232,0.006997,0.019689,0.019150,0.007536
8296.00,0.009523,0.012697,0.004444,-0.006984,0.003174,0.008888,-0.022539,-0.005556,0.008253,0.021428,0.020793,0.008888
8304.00,0.002738,0.003651,0.001278,-0.002008,0.000913,0.002556,-0.020730,-0.008722,0.002373,0.013286,0.013103,0.002556
8312.00,0.004187,0.005583,0.001954,-0.003071,0.001396,0.003908,-0.021117,-0.008046,0.003629,0.015025,0.014746,0.003908
8320.00,0.010784,0.014378,0.005032,-0.007908,0.003595,0.010065,-0.022876,-0.004968,0.009346,0.022941,0.022222,0.010065
8328.00,0.007216,0.009621,0.003367,-0.005292,0.002405,0.006735,-0.021924,-0.006633,0.006254,0.018659,0.018178,0.006735
8336.00,0.002308,0.003077,0.001077,-0.001692,0.000769,0.002154,-0.020615,-0.008923,0.002000,0.012769,0.012616,0.002154
8344.00,0.008065,0.010753,0.003763,-0.005914,0.002688,0.007527,-0.022151,-0.006237,0.006989,0.019677,0.019140,0.007527
8352.00,0.011164,0.014885,0.005210,-0.008187,0.003721,0.010420,-0.022977,-0.004790,0.009675,0.023397,0.022653,0.010420
8360.00,0.004599,0.006132,0.002146,-0.003372,0.001533,0.004292,-0.021226,-0.007854,0.003986,0.015518,0.015212,0.004292
8368.00,0.004333,0.005778,0.002022,-0.003178,0.001444,0.004044,-0.021156,-0.007978,0.003755,0.015200,0.014911,0.004044
8376.00,0.011443,0.015257,0.005340,-0.008391,0.003814,0.010680,-0.023051,-0.004660,0.009917,0.023731,0.022968,0.010680
8384.00,0.009695,0.012926,0.004524,-0.007110,0.003232,0.009049,-0.022585,-0.005476,0.008402,0.021634,0.020987,0.009049
8392.00,0.004417,0.005890,0.002061,-0.003239,0.001472,0.004123,-0.021178,-0.007939,0.003828,0.015301,0.015006,0.004123
8400.00,0.010506,0.014008,0.004903,-0.007704,0.003502,0.009806,-0.022802,-0.005097,0.009105,0.022607,0.021907,0.009806
8408.00,0.018226,0.024301,0.008505,-0.013366,0.006075,0.017011,-0.024860,-0.001495,0.015796,0.031871,0.030656,0.017011
8416.00,0.018094,0.024125,0.008444,-0.013269,0.006031,0.016888,-0.024825,-0.001556,0.015681,0.031713,0.030507,0.016888
8424.00,0.025519,0.034026,0.011909,-0.018714,0.008506,0.023818,-0.026805,0.001909,0.022117,0.040623,0.038922,0.023818
8432.00,0.045966,0.061288,0.021451,-0.033708,0.015322,0.042901,-0.032258,0.011451,0.039837,0.065159,0.062094,0.042901
8440.00,0.062204,0.082939,0.029029,-0.045616,0.020735,0.058057,-0.036588,0.019029,0.053910,0.084645,0.080498,0.058057
8448.00,0.072769,0.097025,0.033959,-0.053364,0.024256,0.067918,-0.039405,0.023959,0.063066,0.097323,0.092471,0.067918
8456.00,0.089915,0.119886,0.041960,-0.065937,0.029972,0.083920,-0.043977,0.031960,0.077926,0.117897,0.111903,0.083920
8464.00,0.102972,0.137296,0.048053,-0.075513,0.034324,0.096107,-0.047459,0.038053,0.089242,0.133566,0.126701,0.096107
8472.00,0.096528,0.128704,0.045046,-0.070787,0.032176,0.090093,-0.045741,0.035046,0.083658,0.125834,0.119399,0.090093
8480.00,0.083030,0.110707,0.038747,-0.060889,0.027677,0.077495,-0.042141,0.028747,0.071960,0.109636,0.104101,0.077495
8488.00,0.074067,0.098756,0.034565,-0.054316,0.024689,0.069129,-0.039751,0.024565,0.064191,0.098880,0.093942,0.069129
8496.00,0.058169,0.077559,0.027146,-0.042657,0.019390,0.054291,-0.035512,0.017146,0.050413,0.079803,0.075925,0.054291
8504.00,0.035650,0.047534,0.016637,-0.026143,0.011883,0.033273,-0.029507,0.006637,0.030897,0.052780,0.050403,0.033273
8512.00,0.024943,0.033258,0.011640,-0.018292,0.008314,0.023280,-0.026652,0.001640,0.021617,0.039932,0.038269,0.023280
8520.00,0.023367,0.031157,0.010905,-0.017136,0.007789,0.021810,-0.026231,0.000905,0.020252,0.038041,0.036483,0.021810
8528.00,0.014959,0.019946,0.006981,-0.010970,0.004986,0.013962,-0.023989,-0.003019,0.012965,0.027951,0.026954,0.013962
8536.00,0.007503,0.010004,0.003501,-0.005502,0.002501,0.007002,-0.022001,-0.006499,0.006502,0.019003,0.018503,0.007002
8544.00,0.012054,0.016072,0.005625,-0.008840,0.004018,0.011251,-0.023214,-0.004375,0.010447,0.024465,0.023661,0.011251
8552.00,0.014631,0.019508,0.006828,-0.010729,0.004877,0.013655,-0.023902,-0.003172,0.012680,0.027557,0.026582,0.013655
8560.00,0.007843,0.010457,0.003660,-0.005751,0.002614,0.007320,-0.022091,-0.006340,0.006797,0.019411,0.018888,0.007320
8568.00,0.007455,0.009940,0.003479,-0.005467,0.002485,0.006958,-0.021988,-0.006521,0.006461,0.018946,0.018449,0.006958
8576.00,0.014424,0.019232,0.006731,-0.010577,0.004808,0.013462,-0.023846,-0.003269,0.012501,0.027308,0.026347,0.013462
8584.00,0.012322,0.016429,0.005750,-0.009036,0.004107,0.011501,-0.023286,-0.004250,0.010679,0.024787,0.023965,0.011501
8592.00,0.004729,0.006305,0.002207,-0.003468,0.001576,0.004413,-0.021261,-0.007793,0.004098,0.015674,0.015359,0.004413
8600.00,-0.007190,-0.009587,-0.003355,0.005273,-0.002397,-0.006711,-0.018083,-0.013355,-0.006231,0.001372,0.001851,-0.006711
8608.00,-0.060401,-0.080535,-0.028187,0.044294,-0.020134,-0.056374,-0.003893,-0.038187,-0.052348,-0.062481,-0.058455,-0.056374
8616.00,-0.095824,-0.127765,-0.044718,0.070271,-0.031941,-0.089436,0.005553,-0.054718,-0.083047,-0.104989,-0.098600,-0.089436
8624.00,0.081015,0.108020,0.037807,-0.059411,0.027005,0.075614,-0.041604,0.027807,0.070213,0.107218,0.101817,0.075614
8632.00,0.480787,0.641049,0.224367,-0.352577,0.160262,0.448734,-0.148210,0.214367,0.416682,0.586944,0.554892,0.448734
8640.00,0.772964,1.030618,0.360716,-0.566840,0.257655,0.721433,-0.226124,0.350716,0.669902,0.937556,0.886025,0.721433
8648.00,0.593904,0.791872,0.277155,-0.435529,0.197968,0.554310,-0.178374,0.267155,0.514717,0.722685,0.683091,0.554310
8656.00,0.155071,0.206761,0.072366,-0.113718,0.051690,0.144732,-0.061352,0.062366,0.134394,0.196085,0.185747,0.144732
8664.00,-0.121905,-0.162541,-0.056889,0.089397,-0.040635,-0.113778,0.012508,-0.066889,-0.105651,-0.136287,-0.128160,-0.113778
8672.00,-0.167788,-0.223717,-0.078301,0.123044,-0.055929,-0.156602,0.024743,-0.088301,-0.145416,-0.191345,-0.180159,-0.156602
8680.00,-0.097801,-0.130402,-0.045641,0.071721,-0.032600,-0.091281,0.006080,-0.055641,-0.084761,-0.107362,-0.100842,-0.091281
8688.00,-0.020288,-0.027051,-0.009468,0.014878,-0.006763,-0.018936,-0.014590,-0.019468,-0.017583,-0.014346,-0.012993,-0.018936
8696.00,0.013914,0.018552,0.006493,-0.010203,0.004638,0.012986,-0.023710,-0.003507,0.012059,0.026696,0.025769,0.012986
8704.00,0.017814,0.023752,0.008313,-0.013064,0.005938,0.016627,-0.024750,-0.001687,0.015439,0.031377,0.030190,0.016627
8712.00,0.024483,0.032644,0.011425,-0.017954,0.008161,0.022851,-0.026529,0.001425,0.021218,0.039379,0.037747,0.022851
8720.00,0.036522,0.048696,0.017043,-0.026783,0.012174,0.034087,-0.029739,0.007043,0.031652,0.053826,0.051391,0.034087
8728.00,0.039790,0.053053,0.018569,-0.029179,0.013263,0.037137,-0.030611,0.008569,0.034485,0.057748,0.055095,0.037137
8736.00,0.043418,0.057890,0.020262,-0.031840,0.014473,0.040523,-0.031578,0.010262,0.037629,0.062101,0.059207,0.040523
8744.00,0.059588,0.079451,0.027808,-0.043698,0.019863,0.055615,-0.035890,0.017808,0.051643,0.081506,0.077533,0.055615
8752.00,0.075084,0.100113,0.035039,-0.055062,0.025028,0.070079,-0.040023,0.025039,0.065073,0.100101,0.095096,0.070079
8760.00,0.082905,0.110540,0.038689,-0.060797,0.027635,0.077378,-0.042108,0.028689,0.071851,0.109486,0.103959,0.077378
8768.00,0.098888,0.131851,0.046148,-0.072518,0.032963,0.092296,-0.046370,0.036148,0.085703,0.128666,0.122074,0.092296
8776.00,0.123812,0.165083,0.057779,-0.090796,0.041271,0.115558,-0.053017,0.047779,0.107304,0.158575,0.150321,0.115558
8784.00,0.140929,0.187905,0.065767,-0.103348,0.046976,0.131534,-0.057581,0.055767,0.122138,0.179115,0.169719,0.131534
8792.00,0.154765,0.206353,0.072224,-0.113494,0.051588,0.144447,-0.061271,0.062224,0.134129,0.195718,0.185400,0.144447
8800.00,0.179056,0.238741,0.083559,-0.131308,0.059685,0.167119,-0.067748,0.073559,0.155182,0.224867,0.212930,0.167119
8808.00,0.202511,0.270015,0.094505,-0.148508,0.067504,0.189011,-0.074003,0.084505,0.175510,0.253014,0.239513,0.189011
8816.00,0.213791,0.285055,0.099769,-0.156780,0.071264,0.199538,-0.077011,0.089769,0.185286,0.266549,0.252297,0.199538
8824.00,0.226494,0.301992,0.105697,-0.166096,0.075498,0.211395,-0.080398,0.095697,0.196295,0.281793,0.266694,0.211395
8832.00,0.244955,0.326606,0.114312,-0.179634,0.081652,0.228625,-0.085321,0.104312,0.212294,0.303946,0.287616,0.228625
8840.00,0.252220,0.336294,0.117703,-0.184961,0.084073,0.235405,-0.087259,0.107703,0.218591,0.312664,0.295850,0.235405
8848.00,0.248904,0.331872,0.116155,-0.182530,0.082968,0.232311,-0.086374,0.106155,0.215717,0.308685,0.292092,0.232311
8856.00,0.250771,0.334361,0.117026,-0.183899,0.083590,0.234053,-0.086872,0.107026,0.217335,0.310925,0.294207,0.234053
8864.00,0.250871,0.334494,0.117073,-0.183972,0.083624,0.234146,-0.086899,0.107073,0.217421,0.311045,0.294320,0.234146
8872.00,0.236188,0.314918,0.110221,-0.173205,0.078729,0.220443,-0.082984,0.100221,0.204697,0.293426,0.277680,0.220443
8880.00,0.219251,0.292335,0.102317,-0.160784,0.073084,0.204635,-0.078467,0.092317,0.190018,0.273102,0.258485,0.204635
8888.00,0.209576,0.279435,0.097802,-0.153689,0.069859,0.195604,-0.075887,0.087802,0.181633,0.261491,0.247520,0.195604
8896.00,0.192653,0.256870,0.089905,-0.141279,0.064218,0.179809,-0.071374,0.079905,0.166966,0.241183,0.228340,0.179809
8904.00,0.166240,0.221654,0.077579,-0.121909,0.055413,0.155158,-0.064331,0.067579,0.144075,0.209488,0.198406,0.155158
8912.00,0.147633,0.196843,0.068895,-0.108264,0.049211,0.137790,-0.059369,0.058895,0.127948,0.187159,0.177317,0.137790
8920.00,0.134494,0.179325,0.062764,-0.098629,0.044831,0.125528,-0.055865,0.052764,0.116561,0.171393,0.162426,0.125528
8928.00,0.112144,0.149525,0.052334,-0.082239,0.037381,0.104668,-0.049905,0.042334,0.097192,0.144573,0.137097,0.104668
8936.00,0.089895,0.119859,0.041951,-0.065923,0.029965,0.083902,-0.043972,0.031951,0.077909,0.117874,0.111881,0.083902
8944.00,0.080082,0.106777,0.037372,-0.058727,0.026694,0.074744,-0.041355,0.027372,0.069405,0.106099,0.100760,0.074744
8952.00,0.069567,0.092756,0.032465,-0.051016,0.023189,0.064929,-0.038551,0.022465,0.060291,0.093480,0.088842,0.064929
8960.00,0.051384,0.068512,0.023979,-0.037682,0.017128,0.047959,-0.033702,0.013979,0.044533,0.071661,0.068235,0.047959
8968.00,0.041423,0.055231,0.019331,-0.030377,0.013808,0.038662,-0.031046,0.009331,0.035900,0.059708,0.056947,0.038662
8976.00,0.040576,0.054101,0.018935,-0.029755,0.013525,0.037871,-0.030820,0.008935,0.035165,0.058691,0.055986,0.037871
8984.00,0.032306,0.043074,0.015076,-0.023691,0.010769,0.030152,-0.028615,0.005076,0.027998,0.048767,0.046613,0.030152
8992.00,0.021479,0.028639,0.010024,-0.015752,0.007160,0.020048,-0.025728,0.000024,0.018616,0.035775,0.034343,0.020048
9000.00,0.022298,0.029731,0.010406,-0.016352,0.007433,0.020811,-0.025946,0.000406,0.019325,0.036758,0.035271,0.020811
9008.00,0.024045,0.032060,0.011221,-0.017633,0.008015,0.022442,-0.026412,0.001221,0.020839,0.038854,0.037251,0.022442
9016.00,0.016025,0.021366,0.007478,-0.011751,0.005342,0.014956,-0.024273,-0.002522,0.013888,0.029229,0.028161,0.014956
9024.00,0.012497,0.016663,0.005832,-0.009165,0.004166,0.011664,-0.023333,-0.004168,0.010831,0.024997,0.024164,0.011664
9032.00,0.018410,0.024547,0.008591,-0.013501,0.006137,0.017183,-0.024909,-0.001409,0.015955,0.032092,0.030865,0.017183
9040.00,0.017311,0.023081,0.008078,-0.012695,0.005770,0.016157,-0.024616,-0.001922,0.015003,0.030773,0.029619,0.016157
9048.00,0.010146,0.013528,0.004735,-0.007440,0.003382,0.009469,-0.022706,-0.005265,0.008793,0.022175,0.021499,0.009469
9056.00,0.012799,0.017065,0.005973,-0.009386,0.004266,0.011946,-0.023413,-0.004027,0.011092,0.025359,0.024505,0.011946
9064.00,0.018210,0.024280,0.008498,-0.013354,0.006070,0.016996,-0.024856,-0.001502,0.015782,0.031852,0.030638,0.016996
9072.00,0.013022,0.017362,0.006077,-0.009549,0.004341,0.012154,-0.023472,-0.003923,0.011285,0.025626,0.024758,0.012154
9080.00,0.009215,0.012286,0.004300,-0.006758,0.003072,0.008600,-0.022457,-0.005700,0.007986,0.021058,0.020443,0.008600
9088.00,0.015597,0.020797,0.007279,-0.011438,0.005199,0.014558,-0.024159,-0.002721,0.013518,0.028717,0.027677,0.014558
9096.00,0.016847,0.022463,0.007862,-0.012355,0.005616,0.015724,-0.024493,-0.002138,0.014601,0.030217,0.029093,0.015724
9104.00,0.009871,0.013162,0.004607,-0.007239,0.003290,0.009213,-0.022632,-0.005393,0.008555,0.021846,0.021187,0.009213
9112.00,0.011134,0.014845,0.005196,-0.008165,0.003711,0.010391,-0.022969,-0.004804,0.009649,0.023360,0.022618,0.010391
9120.00,0.017546,0.023395,0.008188,-0.012867,0.005849,0.016376,-0.024679,-0.001812,0.015207,0.031055,0.029885,0.016376
9128.00,0.013795,0.018393,0.006438,-0.010116,0.004598,0.012875,-0.023679,-0.003562,0.011956,0.026554,0.025634,0.012875
9136.00,0.008703,0.011605,0.004062,-0.006383,0.002901,0.008123,-0.022321,-0.005938,0.007543,0.020444,0.019864,0.008123
9144.00,0.014276,0.019035,0.006662,-0.010469,0.004759,0.013324,-0.023807,-0.003338,0.012372,0.027131,0.026179,0.013324
9152.00,0.017189,0.022919,0.008022,-0.012605,0.005730,0.016043,-0.024584,-0.001978,0.014897,0.030627,0.029481,0.016043
9160.00,0.010431,0.013908,0.004868,-0.007649,0.003477,0.009736,-0.022782,-0.005132,0.009040,0.022517,0.021822,0.009736
9168.00,0.009952,0.013270,0.004644,-0.007298,0.003317,0.009289,-0.022654,-0.005356,0.008625,0.021943,0.021279,0.009289
9176.00,0.016787,0.022383,0.007834,-0.012311,0.005596,0.015668,-0.024477,-0.002166,0.014549,0.030145,0.029026,0.015668
9184.00,0.014599,0.019465,0.006813,-0.010706,0.004866,0.013625,-0.023893,-0.003187,0.012652,0.027518,0.026545,0.013625
9192.00,0.008478,0.011304,0.003957,-0.006217,0.002826,0.007913,-0.022261,-0.006043,0.007348,0.020174,0.019609,0.007913
9200.00,0.012869,0.017159,0.006006,-0.009438,0.004290,0.012011,-0.023432,-0.003994,0.011154,0.025443,0.024585,0.012011
9208.00,0.017309,0.023079,0.008078,-0.012693,0.005770,0.016155,-0.024616,-0.001922,0.015001,0.030771,0.029617,0.016155
9216.00,0.011392,0.015189,0.005316,-0.008354,0.003797,0.010633,-0.023038,-0.004684,0.009873,0.023670,0.022911,0.010633
9224.00,0.009759,0.013013,0.004554,-0.007157,0.003253,0.009109,-0.022603,-0.005446,0.008458,0.021711,0.021061,0.009109
9232.00,0.017921,0.023894,0.008363,-0.013142,0.005974,0.016726,-0.024779,-0.001637,0.015531,0.031505,0.030310,0.016726
9240.00,0.020249,0.026999,0.009450,-0.014849,0.006750,0.018899,-0.025400,-0.000550,0.017549,0.034299,0.032949,0.018899
9248.00,0.018763,0.025017,0.008756,-0.013759,0.006254,0.017512,-0.025003,-0.001244,0.016261,0.032516,0.031265,0.017512
9256.00,0.030429,0.040572,0.014200,-0.022315,0.010143,0.028401,-0.028114,0.004200,0.026372,0.046515,0.044487,0.028401
9264.00,0.048760,0.065013,0.022755,-0.035757,0.016253,0.045509,-0.033003,0.012755,0.042258,0.068512,0.065261,0.045509
9272.00,0.059790,0.079720,0.027902,-0.043846,0.019930,0.055804,-0.035944,0.017902,0.051818,0.081748,0.077762,0.055804
9280.00,0.073289,0.097718,0.034201,-0.053745,0.024430,0.068403,-0.039544,0.024201,0.063517,0.097947,0.093061,0.068403
9288.00,0.094517,0.126022,0.044108,-0.069312,0.031506,0.088216,-0.045204,0.034108,0.081915,0.123420,0.117119,0.088216
9296.00,0.104390,0.139186,0.048715,-0.076552,0.034797,0.097430,-0.047837,0.038715,0.090471,0.135267,0.128308,0.097430
9304.00,0.097378,0.129837,0.045443,-0.071410,0.032459,0.090886,-0.045967,0.035443,0.084394,0.126853,0.120362,0.090886
9312.00,0.089950,0.119933,0.041977,-0.065963,0.029983,0.083953,-0.043987,0.031977,0.077957,0.117940,0.111943,0.083953
9320.00,0.081463,0.108618,0.038016,-0.059740,0.027154,0.076032,-0.041724,0.028016,0.070602,0.107756,0.102325,0.076032
9328.00,0.060379,0.080506,0.028177,-0.044278,0.020126,0.056354,-0.036101,0.018177,0.052329,0.082455,0.078430,0.056354
9336.00,0.039085,0.052113,0.018240,-0.028662,0.013028,0.036479,-0.030423,0.008240,0.033873,0.056902,0.054296,0.036479
9344.00,0.031821,0.042428,0.014850,-0.023335,0.010607,0.029700,-0.028486,0.004850,0.027578,0.048185,0.046064,0.029700
9352.00,0.025906,0.034542,0.012090,-0.018998,0.008635,0.024179,-0.026908,0.002090,0.022452,0.041088,0.039360,0.024179
9360.00,0.013806,0.018407,0.006443,-0.010124,0.004602,0.012885,-0.023681,-0.003557,0.011965,0.026567,0.025646,0.012885
9368.00,0.010453,0.013938,0.004878,-0.007666,0.003484,0.009756,-0.022788,-0.005122,0.009059,0.022544,0.021847,0.009756
9376.00,0.015899,0.021198,0.007419,-0.011659,0.005300,0.014839,-0.024240,-0.002581,0.013779,0.029079,0.028019,0.014839
9384.00,0.013093,0.017457,0.006110,-0.009601,0.004364,0.012220,-0.023491,-0.003890,0.011347,0.025712,0.024839,0.012220
9392.00,0.006704,0.008939,0.003129,-0.004917,0.002235,0.006257,-0.021788,-0.006871,0.005810,0.018045,0.017598,0.006257
9400.00,0.010954,0.014605,0.005112,-0.008033,0.003651,0.010223,-0.022921,-0.004888,0.009493,0.023144,0.022414,0.010223
9408.00,0.015252,0.020337,0.007118,-0.011185,0.005084,0.014236,-0.024067,-0.002882,0.013219,0.028303,0.027286,0.014236
9416.00,0.009038,0.012051,0.004218,-0.006628,0.003013,0.008436,-0.022410,-0.005782,0.007833,0.020846,0.020243,0.008436
9424.00,0.005791,0.007721,0.002702,-0.004247,0.001930,0.005405,-0.021544,-0.007298,0.005019,0.016949,0.016563,0.005405
9432.00,0.000590,0.000787,0.000275,-0.000433,0.000197,0.000551,-0.020157,-0.009725,0.000511,0.010708,0.010669,0.000551
9440.00,-0.050902,-0.067870,-0.023754,0.037328,-0.016967,-0.047509,-0.006426,-0.033754,-0.044115,-0.051083,-0.047689,-0.047509
9448.00,-0.104316,-0.139088,-0.048681,0.076498,-0.034772,-0.097361,0.007818,-0.058681,-0.090407,-0.115179,-0.108224,-0.097361
9456.00,0.034361,0.045815,0.016035,-0.025198,0.011454,0.032071,-0.029163,0.006035,0.029780,0.051234,0.048943,0.032071
9464.00,0.410082,0.546776,0.191372,-0.300727,0.136694,0.382743,-0.129355,0.181372,0.355404,0.502099,0.474760,0.382743
9472.00,0.746652,0.995536,0.348438,-0.547545,0.248884,0.696875,-0.219107,0.338438,0.647098,0.905982,0.856206,0.696875
9480.00,0.652559,0.870078,0.304527,-0.478543,0.217520,0.609055,-0.194016,0.294527,0.565551,0.793070,0.749566,0.609055
9488.00,0.227313,0.303084,0.106079,-0.166696,0.075771,0.212159,-0.080617,0.096079,0.197005,0.282775,0.267621,0.212159
9496.00,-0.096735,-0.128980,-0.045143,0.070939,-0.032245,-0.090286,0.005796,-0.055143,-0.083837,-0.106082,-0.099633,-0.090286
9504.00,-0.178117,-0.237489,-0.083121,0.130619,-0.059372,-0.166242,0.027498,-0.093121,-0.154368,-0.203740,-0.191866,-0.166242
9512.00,-0.112485,-0.149980,-0.052493,0.082489,-0.037495,-0.104986,0.009996,-0.062493,-0.097487,-0.124982,-0.117483,-0.104986
9520.00,-0.029999,-0.039999,-0.014000,0.022000,-0.010000,-0.027999,-0.012000,-0.024000,-0.025999,-0.025999,-0.023999,-0.027999
9528.00,0.004819,0.006425,0.002249,-0.003534,0.001606,0.004498,-0.021285,-0.007751,0.004176,0.015783,0.015462,0.004498
9536.00,0.012588,0.016784,0.005874,-0.009231,0.004196,0.011749,-0.023357,-0.004126,0.010909,0.025105,0.024266,0.011749
9544.00,0.023658,0.031544,0.011040,-0.017349,0.007886,0.022081,-0.026309,0.001040,0.020503,0.038389,0.036812,0.022081
9552.00,0.031830,0.042440,0.014854,-0.023342,0.010610,0.029708,-0.028488,0.004854,0.027586,0.048196,0.046074,0.029708
9560.00,0.031635,0.042180,0.014763,-0.023199,0.010545,0.029526,-0.028436,0.004763,0.027417,0.047962,0.045853,0.029526
9568.00,0.039384,0.052512,0.018379,-0.028882,0.013128,0.036759,-0.030502,0.008379,0.034133,0.057261,0.054635,0.036759
9576.00,0.056301,0.075069,0.026274,-0.041288,0.018767,0.052548,-0.035014,0.016274,0.048795,0.077562,0.073808,0.052548
9584.00,0.066168,0.088224,0.030879,-0.048523,0.022056,0.061757,-0.037645,0.020879,0.057346,0.089402,0.084991,0.061757
9592.00,0.074102,0.098802,0.034581,-0.054341,0.024701,0.069162,-0.039760,0.024581,0.064222,0.098922,0.093982,0.069162
9600.00,0.094443,0.125923,0.044073,-0.069258,0.031481,0.088146,-0.045185,0.034073,0.081850,0.123331,0.117035,0.088146
9608.00,0.116463,0.155284,0.054349,-0.085406,0.038821,0.108698,-0.051057,0.044349,0.100934,0.149755,0.141991,0.108698
9616.00,0.129281,0.172374,0.060331,-0.094806,0.043094,0.120662,-0.054475,0.050331,0.112043,0.165137,0.156518,0.120662
9624.00,0.146791,0.195721,0.068502,-0.107646,0.048930,0.137004,-0.059144,0.058502,0.127218,0.186149,0.176363,0.137004
9632.00,0.173406,0.231208,0.080923,-0.127164,0.057802,0.161846,-0.066242,0.070923,0.150285,0.218087,0.206527,0.161846
9640.00,0.192009,0.256012,0.089604,-0.140806,0.064003,0.179208,-0.071202,0.079604,0.166408,0.240410,0.227610,0.179208
9648.00,0.202794,0.270391,0.094637,-0.148715,0.067598,0.189274,-0.074078,0.084637,0.175754,0.253352,0.239833,0.189274
9656.00,0.220873,0.294498,0.103074,-0.161974,0.073624,0.206149,-0.078900,0.093074,0.191424,0.275048,0.260323,0.206149
9664.00,0.238464,0.317952,0.111283,-0.174874,0.079488,0.222566,-0.083590,0.101283,0.206669,0.296157,0.280259,0.222566
9672.00,0.241601,0.322134,0.112747,-0.177174,0.080534,0.225494,-0.084427,0.102747,0.209387,0.299921,0.283814,0.225494
9680.00,0.241832,0.322443,0.112855,-0.177344,0.080611,0.225710,-0.084489,0.102855,0.209588,0.300199,0.284077,0.225710
9688.00,0.247756,0.330341,0.115619,-0.181687,0.082585,0.231239,-0.086068,0.105619,0.214722,0.307307,0.290790,0.231239
9696.00,0.244080,0.325440,0.113904,-0.178992,0.081360,0.227808,-0.085088,0.103904,0.211536,0.302896,0.286624,0.227808
9704.00,0.227987,0.303982,0.106394,-0.167190,0.075996,0.212787,-0.080796,0.096394,0.197588,0.283584,0.268385,0.212787
9712.00,0.216434,0.288579,0.101003,-0.158718,0.072145,0.202005,-0.077716,0.091003,0.187576,0.269721,0.255292,0.202005
9720.00,0.207005,0.276007,0.096602,-0.151804,0.069002,0.193205,-0.075201,0.086602,0.179404,0.258406,0.244606,0.193205
9728.00,0.185175,0.246900,0.086415,-0.135795,0.061725,0.172830,-0.069380,0.076415,0.160485,0.232210,0.219865,0.172830
9736.00,0.160611,0.214148,0.074952,-0.117781,0.053537,0.149903,-0.062830,0.064952,0.139196,0.202733,0.192026,0.149903
9744.00,0.146150,0.194867,0.068204,-0.107177,0.048717,0.136407,-0.058973,0.058204,0.126664,0.185380,0.175637,0.136407
9752.00,0.129236,0.172315,0.060310,-0.094773,0.043079,0.120621,-0.054463,0.050310,0.112005,0.165084,0.156468,0.120621
9760.00,0.103511,0.138015,0.048305,-0.075908,0.034504,0.096610,-0.047603,0.038305,0.089710,0.134213,0.127313,0.096610
9768.00,0.085438,0.113917,0.039871,-0.062654,0.028479,0.079742,-0.042783,0.029871,0.074046,0.112525,0.106829,0.079742
9776.00,0.076408,0.101877,0.035657,-0.056033,0.025469,0.071314,-0.040375,0.025657,0.066220,0.101690,0.096596,0.071314
9784.00,0.060291,0.080388,0.028136,-0.044213,0.020097,0.056271,-0.036078,0.018136,0.052252,0.082349,0.078330,0.056271
9792.00,0.042243,0.056325,0.019714,-0.030979,0.014081,0.039427,-0.031265,0.009714,0.036611,0.060692,0.057876,0.039427
9800.00,0.036652,0.048870,0.017104,-0.026878,0.012217,0.034209,-0.029774,0.007104,0.031765,0.053983,0.051539,0.034209
9808.00,0.032888,0.043851,0.015348,-0.024118,0.010963,0.030696,-0.028770,0.005348,0.028503,0.049466,0.047273,0.030696
9816.00,0.020265,0.027020,0.009457,-0.014861,0.006755,0.018914,-0.025404,-0.000543,0.017563,0.034318,0.032967,0.018914
9824.00,0.012992,0.017323,0.006063,-0.009528,0.004331,0.012126,-0.023465,-0.003937,0.011260,0.025591,0.024725,0.012126
9832.00,0.015930,0.021240,0.007434,-0.011682,0.005310,0.014868,-0.024248,-0.002566,0.013806,0.029116,0.028054,0.014868
9840.00,0.012517,0.016690,0.005841,-0.009179,0.004172,0.011683,-0.023338,-0.004159,0.010848,0.025021,0.024186,0.011683
9848.00,0.003586,0.004782,0.001674,-0.002630,0.001195,0.003347,-0.020956,-0.008326,0.003108,0.014304,0.014065,0.003347
9856.00,0.004912,0.006550,0.002292,-0.003602,0.001637,0.004585,-0.021310,-0.007708,0.004257,0.015895,0.015567,0.004585
9864.00,0.009336,0.012448,0.004357,-0.006846,0.003112,0.008714,-0.022490,-0.005643,0.008091,0.021203,0.020581,0.008714
9872.00,0.003417,0.004555,0.001594,-0.002505,0.001139,0.003189,-0.020911,-0.008406,0.002961,0.014100,0.013872,0.003189
9880.00,-0.000934,-0.001245,-0.000436,0.000685,-0.000311,-0.000871,-0.019751,-0.010436,-0.000809,0.008880,0.008942,-0.000871
9888.00,0.005040,0.006720,0.002352,-0.003696,0.001680,0.004704,-0.021344,-0.007648,0.004368,0.016048,0.015712,0.004704
9896.00,0.005975,0.007966,0.002788,-0.004382,0.001992,0.005577,-0.021593,-0.007212,0.005178,0.017170,0.016771,0.005577
9904.00,-0.001252,-0.001669,-0.000584,0.000918,-0.000417,-0.001168,-0.019666,-0.010584,-0.001085,0.008498,0.008581,-0.001168
9912.00,-0.000197,-0.000263,-0.000092,0.000145,-0.000066,-0.000184,-0.019947,-0.010092,-0.000171,0.009763,0.009777,-0.000184
9920.00,0.006036,0.008048,0.002817,-0.004426,0.002012,0.005633,-0.021610,-0.007183,0.005231,0.017243,0.016840,0.005633
9928.00,0.002124,0.002832,0.000991,-0.001558,0.000708,0.001982,-0.020566,-0.009009,0.001841,0.012549,0.012407,0.001982
9936.00,-0.003116,-0.004155,-0.001454,0.002285,-0.001039,-0.002908,-0.019169,-0.011454,-0.002701,0.006261,0.006469,-0.002908
9944.00,0.002316,0.003088,0.001081,-0.001699,0.000772,0.002162,-0.020618,-0.008919,0.002007,0.012779,0.012625,0.002162
9952.00,0.005095,0.006793,0.002377,-0.003736,0.001698,0.004755,-0.021359,-0.007623,0.004415,0.016113,0.015774,0.004755
9960.00,-0.001794,-0.002392,-0.000837,0.001316,-0.000598,-0.001675,-0.019522,-0.010837,-0.001555,0.007847,0.007967,-0.001675
9968.00,-0.002401,-0.003201,-0.001120,0.001760,-0.000800,-0.002241,-0.019360,-0.011120,-0.002080,0.007119,0.007279,-0.002241
9976.00,0.004309,0.005745,0.002011,-0.003160,0.001436,0.004022,-0.021149,-0.007989,0.003735,0.015171,0.014884,0.004022
9984.00,0.001996,0.002662,0.000932,-0.001464,0.000665,0.001863,-0.020532,-0.009068,0.001730,0.012395,0.012262,0.001863
9992.00,-0.004250,-0.005667,-0.001984,0.003117,-0.001417,-0.003967,-0.018867,-0.011984,-0.003684,0.004899,0.005183,-0.003967
10000.00,0.000000,0.000000,0.000000,-0.000000,0.000000,0.000000,-0.020000,-0.010000,0.000000,0.010000,0.010000,0.000000
10008.00,0.004251,0.005668,0.001984,-0.003117,0.001417,0.003968,-0.021134,-0.008016,0.003684,0.015101,0.014818,0.003968
10016.00,-0.001994,-0.002659,-0.000931,0.001463,-0.000665,-0.001861,-0.019468,-0.010931,-0.001728,0.007607,0.007740,-0.001861
10024.00,-0.004302,-0.005736,-0.002008,0.003155,-0.001434,-0.004015,-0.018853,-0.012008,-0.003728,0.004838,0.005124,-0.004015
10032.00,0.002427,0.003235,0.001132,-0.001779,0.000809,0.002265,-0.020647,-0.008868,0.002103,0.012912,0.012750,0.002265
10040.00,0.001882,0.002509,0.000878,-0.001380,0.000627,0.001757,-0.020502,-0.009122,0.001631,0.012258,0.012133,0.001757
10048.00,-0.004823,-0.006431,-0.002251,0.003537,-0.001608,-0.004501,-0.018714,-0.012251,-0.004180,0.004212,0.004534,-0.004501
10056.00,-0.001553,-0.002070,-0.000725,0.001139,-0.000518,-0.001449,-0.019586,-0.010725,-0.001346,0.008137,0.008240,-0.001449
10064.00,0.005060,0.006746,0.002361,-0.003710,0.001687,0.004722,-0.021349,-0.007639,0.004385,0.016072,0.015734,0.004722
10072.00,0.002351,0.003135,0.001097,-0.001724,0.000784,0.002195,-0.020627,-0.008903,0.002038,0.012822,0.012665,0.002195
10080.00,0.003275,0.004366,0.001528,-0.002402,0.001092,0.003057,-0.020873,-0.008472,0.002838,0.013930,0.013711,0.003057
10088.00,0.017695,0.023593,0.008258,-0.012976,0.005898,0.016515,-0.024719,-0.001742,0.015335,0.031234,0.030054,0.016515
10096.00,0.030951,0.041268,0.014444,-0.022697,0.010317,0.028888,-0.028254,0.004444,0.026824,0.047141,0.045078,0.028888
10104.00,0.039553,0.052738,0.018458,-0.029006,0.013184,0.036916,-0.030548,0.008458,0.034279,0.057464,0.054827,0.036916
10112.00,0.058004,0.077339,0.027069,-0.042536,0.019335,0.054137,-0.035468,0.017069,0.050270,0.079605,0.075738,0.054137
10120.00,0.079819,0.106425,0.037249,-0.058534,0.026606,0.074497,-0.041285,0.027249,0.069176,0.105782,0.100461,0.074497
10128.00,0.085843,0.114457,0.040060,-0.062952,0.028614,0.080120,-0.042891,0.030060,0.074397,0.113012,0.107289,0.080120
10136.00,0.082136,0.109515,0.038330,-0.060233,0.027379,0.076660,-0.041903,0.028330,0.071185,0.108563,0.103088,0.076660
10144.00,0.080261,0.107015,0.037455,-0.058858,0.026754,0.074910,-0.041403,0.027455,0.069560,0.106313,0.100963,0.074910
10152.00,0.068984,0.091979,0.032193,-0.050588,0.022995,0.064385,-0.038396,0.022193,0.059786,0.092781,0.088182,0.064385
10160.00,0.044952,0.059935,0.020977,-0.032964,0.014984,0.041955,-0.031987,0.010977,0.038958,0.063942,0.060945,0.041955
10168.00,0.027810,0.037079,0.012978,-0.020394,0.009270,0.025956,-0.027416,0.002978,0.024102,0.043371,0.041518,0.025956
10176.00,0.021092,0.028123,0.009843,-0.015468,0.007031,0.019686,-0.025625,-0.000157,0.018280,0.035311,0.033905,0.019686
10184.00,0.009352,0.012470,0.004364,-0.006858,0.003117,0.008729,-0.022494,-0.005636,0.008105,0.021223,0.020599,0.008729
10192.00,-0.002696,-0.003595,-0.001258,0.001977,-0.000899,-0.002517,-0.019281,-0.011258,-0.002337,0.006764,0.006944,-0.002517
10200.00,-0.001601,-0.002134,-0.000747,0.001174,-0.000534,-0.001494,-0.019573,-0.010747,-0.001387,0.008079,0.008186,-0.001494
10208.00,0.001128,0.001504,0.000527,-0.000827,0.000376,0.001053,-0.020301,-0.009473,0.000978,0.011354,0.011279,0.001053
10216.00,-0.005769,-0.007692,-0.002692,0.004231,-0.001923,-0.005384,-0.018462,-0.012692,-0.005000,0.003077,0.003462,-0.005384
10224.00,-0.008326,-0.011101,-0.003885,0.006106,-0.002775,-0.007771,-0.017780,-0.013885,-0.007216,0.000009,0.000564,-0.007771
10232.00,-0.001692,-0.002256,-0.000790,0.001241,-0.000564,-0.001579,-0.019549,-0.010790,-0.001467,0.007969,0.008082,-0.001579
10240.00,-0.002312,-0.003082,-0.001079,0.001695,-0.000771,-0.002158,-0.019384,-0.011079,-0.002003,0.007226,0.007380,-0.002158
10248.00,-0.009207,-0.012276,-0.004297,0.006752,-0.003069,-0.008593,-0.017545,-0.014297,-0.007980,-0.001049,-0.000435,-0.008593
10256.00,-0.007013,-0.009350,-0.003273,0.005143,-0.002338,-0.006545,-0.018130,-0.013273,-0.006078,0.001585,0.002052,-0.006545
10264.00,-0.010038,-0.013384,-0.004685,0.007361,-0.003346,-0.009369,-0.017323,-0.014685,-0.008700,-0.002046,-0.001377,-0.009369
10272.00,-0.058594,-0.078125,-0.027344,0.042969,-0.019531,-0.054687,-0.004375,-0.037344,-0.050781,-0.060312,-0.056406,-0.054687
10280.00,-0.120366,-0.160488,-0.056171,0.088268,-0.040122,-0.112342,0.012098,-0.066171,-0.104317,-0.134439,-0.126415,-0.112342
10288.00,-0.019494,-0.025991,-0.009097,0.014295,-0.006498,-0.018194,-0.014802,-0.019097,-0.016894,-0.013392,-0.012093,-0.018194
10296.00,0.321905,0.429207,0.150222,-0.236064,0.107302,0.300445,-0.105841,0.140222,0.278984,0.396286,0.374826,0.300445
10304.00,0.692431,0.923242,0.323135,-0.507783,0.230810,0.646269,-0.204648,0.313135,0.600107,0.840917,0.794755,0.646269
10312.00,0.688467,0.917956,0.321284,-0.504876,0.229489,0.642569,-0.203591,0.311284,0.596671,0.836160,0.790262,0.642569
10320.00,0.288029,0.384039,0.134414,-0.211221,0.096010,0.268827,-0.096808,0.124414,0.249625,0.355635,0.336433,0.268827
10328.00,-0.080108,-0.106810,-0.037384,0.058746,-0.026703,-0.074767,0.001362,-0.047384,-0.069427,-0.086129,-0.080789,-0.074767
10336.00,-0.196749,-0.262332,-0.091816,0.144282,-0.065583,-0.183632,0.032466,-0.101816,-0.170516,-0.226098,-0.212982,-0.183632
10344.00,-0.139723,-0.186297,-0.065204,0.102463,-0.046574,-0.130408,0.017259,-0.075204,-0.121093,-0.157667,-0.148352,-0.130408
10352.00,-0.056884,-0.075845,-0.026546,0.041715,-0.018961,-0.053091,-0.004831,-0.036546,-0.049299,-0.058260,-0.054468,-0.053091
10360.00,-0.018770,-0.025027,-0.008759,0.013765,-0.006257,-0.017519,-0.014995,-0.018759,-0.016267,-0.012524,-0.011273,-0.017519
10368.00,-0.003669,-0.004892,-0.001712,0.002691,-0.001223,-0.003425,-0.019022,-0.011712,-0.003180,0.005597,0.005841,-0.003425
10376.00,0.009127,0.012169,0.004259,-0.006693,0.003042,0.008518,-0.022434,-0.005741,0.007910,0.020952,0.020344,0.008518
10384.00,0.012055,0.016074,0.005626,-0.008840,0.004018,0.011251,-0.023215,-0.004374,0.010448,0.024466,0.023663,0.011251
10392.00,0.012240,0.016319,0.005712,-0.008976,0.004080,0.011424,-0.023264,-0.004288,0.010608,0.024688,0.023872,0.011424
10400.00,0.024545,0.032727,0.011454,-0.018000,0.008182,0.022909,-0.026545,0.001454,0.021273,0.039454,0.037818,0.022909
10408.00,0.038680,0.051573,0.018050,-0.028365,0.012893,0.036101,-0.030315,0.008050,0.033522,0.056416,0.053837,0.036101
10416.00,0.044278,0.059037,0.020663,-0.032470,0.014759,0.041326,-0.031807,0.010663,0.038374,0.063133,0.060181,0.041326
10424.00,0.055815,0.074420,0.026047,-0.040931,0.018605,0.052094,-0.034884,0.016047,0.048373,0.076978,0.073257,0.052094
10432.00,0.078313,0.104417,0.036546,-0.057430,0.026104,0.073092,-0.040883,0.026546,0.067871,0.103976,0.098755,0.073092
10440.00,0.095226,0.126968,0.044439,-0.069833,0.031742,0.088878,-0.045394,0.034439,0.082529,0.124272,0.117923,0.088878
10448.00,0.107231,0.142974,0.050041,-0.078636,0.035744,0.100082,-0.048595,0.040041,0.092933,0.138677,0.131528,0.100082
10456.00,0.129765,0.173020,0.060557,-0.095161,0.043255,0.121114,-0.054604,0.050557,0.112463,0.165718,0.157067,0.121114
10464.00,0.155163,0.206884,0.072409,-0.113786,0.051721,0.144818,-0.061377,0.062409,0.134474,0.196195,0.185851,0.144818
10472.00,0.169336,0.225781,0.079023,-0.124180,0.056445,0.158047,-0.065156,0.069023,0.146758,0.213203,0.201914,0.158047
10480.00,0.183456,0.244608,0.085613,-0.134534,0.061152,0.171226,-0.068922,0.075613,0.158995,0.230147,0.217917,0.171226
10488.00,0.205505,0.274006,0.095902,-0.150703,0.068502,0.191804,-0.074801,0.085902,0.178104,0.256606,0.242905,0.191804
10496.00,0.219382,0.292510,0.102378,-0.160880,0.073127,0.204757,-0.078502,0.092378,0.190131,0.273259,0.258633,0.204757
10504.00,0.221335,0.295113,0.103290,-0.162312,0.073778,0.206579,-0.079023,0.093290,0.191824,0.275602,0.260846,0.206579
10512.00,0.227341,0.303122,0.106093,-0.166717,0.075780,0.212185,-0.080624,0.096093,0.197029,0.282809,0.267653,0.212185
10520.00,0.234047,0.312063,0.109222,-0.171635,0.078016,0.218444,-0.082413,0.099222,0.202841,0.290857,0.275253,0.218444
10528.00,0.226120,0.301494,0.105523,-0.165822,0.075373,0.211046,-0.080299,0.095523,0.195971,0.281345,0.266270,0.211046
10536.00,0.212613,0.283484,0.099219,-0.155916,0.070871,0.198439,-0.076697,0.089219,0.184264,0.265135,0.250961,0.198439
10544.00,0.205984,0.274646,0.096126,-0.151055,0.068661,0.192252,-0.074929,0.086126,0.178520,0.257181,0.243449,0.192252
10552.00,0.193554,0.258072,0.090325,-0.141940,0.064518,0.180651,-0.071614,0.080325,0.167747,0.242265,0.229361,0.180651
10560.00,0.169083,0.225444,0.078905,-0.123994,0.056361,0.157811,-0.065089,0.068905,0.146539,0.212900,0.201627,0.157811
10568.00,0.149360,0.199146,0.069701,-0.109530,0.049787,0.139402,-0.059829,0.059701,0.129445,0.189231,0.179274,0.139402
10576.00,0.136257,0.181676,0.063586,-0.099922,0.045419,0.127173,-0.056335,0.053586,0.118089,0.173508,0.164424,0.127173
10584.00,0.114217,0.152289,0.053301,-0.083759,0.038072,0.106602,-0.050458,0.043301,0.098988,0.147060,0.139446,0.106602
10592.00,0.089004,0.118672,0.041535,-0.065269,0.029668,0.083070,-0.043734,0.031535,0.077137,0.116804,0.110871,0.083070
10600.00,0.075586,0.100781,0.035273,-0.055430,0.025195,0.070547,-0.040156,0.025273,0.065508,0.100703,0.095664,0.070547
10608.00,0.063850,0.085133,0.029797,-0.046823,0.021283,0.059593,-0.037027,0.019797,0.055337,0.086620,0.082363,0.059593
10616.00,0.043530,0.058041,0.020314,-0.031922,0.014510,0.040628,-0.031608,0.010314,0.037726,0.062237,0.059334,0.040628
10624.00,0.029148,0.038864,0.013603,-0.021375,0.009716,0.027205,-0.027773,0.003603,0.025262,0.044978,0.043035,0.027205
10632.00,0.025765,0.034353,0.012024,-0.018894,0.008588,0.024047,-0.026871,0.002024,0.022329,0.040918,0.039200,0.024047
10640.00,0.016922,0.022563,0.007897,-0.012410,0.005641,0.015794,-0.024513,-0.002103,0.014666,0.030307,0.029178,0.015794
10648.00,0.003473,0.004630,0.001621,-0.002547,0.001158,0.003241,-0.020926,-0.008379,0.003010,0.014167,0.013936,0.003241
10656.00,0.001150,0.001534,0.000537,-0.000844,0.000383,0.001074,-0.020307,-0.009463,0.000997,0.011380,0.011304,0.001074
10664.00,0.002713,0.003618,0.001266,-0.001990,0.000904,0.002532,-0.020724,-0.008734,0.002351,0.013256,0.013075,0.002532
10672.00,-0.005386,-0.007181,-0.002513,0.003950,-0.001795,-0.005027,-0.018564,-0.012513,-0.004668,0.003537,0.003896,-0.005027
10680.00,-0.011348,-0.015131,-0.005296,0.008322,-0.003783,-0.010591,-0.016974,-0.015296,-0.009835,-0.003618,-0.002861,-0.010591
10688.00,-0.006530,-0.008707,-0.003047,0.004789,-0.002177,-0.006095,-0.018259,-0.013047,-0.005659,0.002164,0.002599,-0.006095
10696.00,-0.006395,-0.008526,-0.002984,0.004690,-0.002132,-0.005969,-0.018295,-0.012984,-0.005542,0.002326,0.002752,-0.005969
10704.00,-0.014152,-0.018869,-0.006604,0.010378,-0.004717,-0.013208,-0.016226,-0.016604,-0.012265,-0.006982,-0.006038,-0.013208
10712.00,-0.013428,-0.017904,-0.006266,0.009847,-0.004476,-0.012533,-0.016419,-0.016266,-0.011638,-0.006114,-0.005219,-0.012533
10720.00,-0.007384,-0.009845,-0.003446,0.005415,-0.002461,-0.006891,-0.018031,-0.013446,-0.006399,0.001140,0.001632,-0.006891
10728.00,-0.011383,-0.015178,-0.005312,0.008348,-0.003794,-0.010625,-0.016964,-0.015312,-0.009866,-0.003660,-0.002901,-0.010625
10736.00,-0.016643,-0.022190,-0.007767,0.012205,-0.005548,-0.015533,-0.015562,-0.017767,-0.014424,-0.009971,-0.008862,-0.015533
10744.00,-0.011183,-0.014911,-0.005219,0.008201,-0.003728,-0.010438,-0.017018,-0.015219,-0.009692,-0.003420,-0.002674,-0.010438
10752.00,-0.008347,-0.011129,-0.003895,0.006121,-0.002782,-0.007790,-0.017774,-0.013895,-0.007234,-0.000016,0.000540,-0.007790
10760.00,-0.015157,-0.020209,-0.007073,0.011115,-0.005052,-0.014147,-0.015958,-0.017073,-0.013136,-0.008188,-0.007178,-0.014147
10768.00,-0.015672,-0.020895,-0.007313,0.011492,-0.005224,-0.014627,-0.015821,-0.017313,-0.013582,-0.008806,-0.007761,-0.014627
10776.00,-0.008861,-0.011815,-0.004135,0.006498,-0.002954,-0.008270,-0.017637,-0.014135,-0.007680,-0.000633,-0.000043,-0.008270
10784.00,-0.011067,-0.014756,-0.005165,0.008116,-0.003689,-0.010329,-0.017049,-0.015165,-0.009592,-0.003281,-0.002543,-0.010329
10792.00,-0.017203,-0.022937,-0.008028,0.012615,-0.005734,-0.016056,-0.015413,-0.018028,-0.014909,-0.010643,-0.009496,-0.016056
10800.00,-0.012837,-0.017117,-0.005991,0.009414,-0.004279,-0.011982,-0.016577,-0.015991,-0.011126,-0.005405,-0.004549,-0.011982
10808.00,-0.008469,-0.011293,-0.003952,0.006211,-0.002823,-0.007905,-0.017741,-0.013952,-0.007340,-0.000163,0.000401,-0.007905
10816.00,-0.014596,-0.019462,-0.006812,0.010704,-0.004865,-0.013623,-0.016108,-0.016812,-0.012650,-0.007515,-0.006542,-0.013623
10824.00,-0.016787,-0.022382,-0.007834,0.012310,-0.005596,-0.015668,-0.015524,-0.017834,-0.014548,-0.010144,-0.009025,-0.015668
10832.00,-0.009952,-0.013269,-0.004644,0.007298,-0.003317,-0.009289,-0.017346,-0.014644,-0.008625,-0.001942,-0.001279,-0.009289
10840.00,-0.010431,-0.013907,-0.004868,0.007649,-0.003477,-0.009735,-0.017219,-0.014868,-0.009040,-0.002517,-0.001821,-0.009735
10848.00,-0.017188,-0.022917,-0.008021,0.012604,-0.005729,-0.016042,-0.015417,-0.018021,-0.014896,-0.010625,-0.009479,-0.016042
10856.00,-0.014270,-0.019027,-0.006659,0.010465,-0.004757,-0.013319,-0.016195,-0.016659,-0.012368,-0.007124,-0.006173,-0.013319
10864.00,-0.008682,-0.011577,-0.004052,0.006367,-0.002894,-0.008104,-0.017685,-0.014052,-0.007525,-0.000419,0.000160,-0.008104
10872.00,-0.013723,-0.018297,-0.006404,0.010063,-0.004574,-0.012808,-0.016341,-0.016404,-0.011893,-0.006467,-0.005552,-0.012808
10880.00,-0.017320,-0.023093,-0.008082,0.012701,-0.005773,-0.016165,-0.015381,-0.018082,-0.015010,-0.010783,-0.009629,-0.016165
10888.00,-0.010487,-0.013982,-0.004894,0.007690,-0.003496,-0.009788,-0.017204,-0.014894,-0.009088,-0.002584,-0.001885,-0.009788
10896.00,-0.008196,-0.010928,-0.003825,0.006011,-0.002732,-0.007650,-0.017814,-0.013825,-0.007103,0.000164,0.000711,-0.007650
10904.00,-0.012925,-0.017234,-0.006032,0.009479,-0.004308,-0.012064,-0.016553,-0.016032,-0.011202,-0.005510,-0.004649,-0.012064
10912.00,-0.007299,-0.009732,-0.003406,0.005352,-0.002433,-0.006812,-0.018054,-0.013406,-0.006326,0.001242,0.001728,-0.006812
10920.00,0.006648,0.008864,0.003102,-0.004875,0.002216,0.006205,-0.021773,-0.006898,0.005762,0.017978,0.017534,0.006205
10928.00,0.014364,0.019152,0.006703,-0.010534,0.004788,0.013406,-0.023830,-0.003297,0.012449,0.027237,0.026279,0.013406
10936.00,0.024490,0.032653,0.011429,-0.017959,0.008163,0.022857,-0.026531,0.001429,0.021225,0.039388,0.037755,0.022857
10944.00,0.047339,0.063118,0.022091,-0.034715,0.015780,0.044183,-0.032624,0.012091,0.041027,0.066807,0.063651,0.044183
10952.00,0.066381,0.088509,0.030978,-0.048680,0.022127,0.061956,-0.037702,0.020978,0.057531,0.089658,0.085232,0.061956
10960.00,0.070738,0.094317,0.033011,-0.051874,0.023579,0.066022,-0.038863,0.023011,0.061306,0.094885,0.090170,0.066022
10968.00,0.073309,0.097745,0.034211,-0.053760,0.024436,0.068421,-0.039549,0.024211,0.063534,0.097970,0.093083,0.068421
10976.00,0.074251,0.099001,0.034650,-0.054450,0.024750,0.069301,-0.039800,0.024650,0.064351,0.099101,0.094151,0.069301
10984.00,0.058932,0.078576,0.027502,-0.043217,0.019644,0.055003,-0.035715,0.017502,0.051075,0.080719,0.076790,0.055003
10992.00,0.035941,0.047921,0.016772,-0.026357,0.011980,0.033545,-0.029584,0.006772,0.031149,0.053129,0.050733,0.033545
11000.00,0.023500,0.031333,0.010967,-0.017233,0.007833,0.021933,-0.026267,0.000967,0.020367,0.038200,0.036633,0.021933
11008.00,0.013865,0.018487,0.006470,-0.010168,0.004622,0.012941,-0.023697,-0.003530,0.012017,0.026638,0.025714,0.012941
11016.00,-0.002309,-0.003079,-0.001078,0.001694,-0.000770,-0.002155,-0.019384,-0.011078,-0.002002,0.007229,0.007383,-0.002155
11024.00,-0.010801,-0.014401,-0.005040,0.007921,-0.003600,-0.010081,-0.017120,-0.015040,-0.009361,-0.002961,-0.002241,-0.010081
11032.00,-0.007443,-0.009924,-0.003473,0.005458,-0.002481,-0.006947,-0.018015,-0.013473,-0.006450,0.001069,0.001565,-0.006947
11040.00,-0.009610,-0.012813,-0.004485,0.007047,-0.003203,-0.008969,-0.017437,-0.014485,-0.008328,-0.001532,-0.000891,-0.008969
11048.00,-0.017080,-0.022774,-0.007971,0.012525,-0.005693,-0.015942,-0.015445,-0.017971,-0.014803,-0.010496,-0.009358,-0.015942
11056.00,-0.014414,-0.019219,-0.006727,0.010570,-0.004805,-0.013453,-0.016156,-0.016727,-0.012492,-0.007297,-0.006336,-0.013453
11064.00,-0.008893,-0.011858,-0.004150,0.006522,-0.002964,-0.008300,-0.017628,-0.014150,-0.007708,-0.000672,-0.000079,-0.008300
11072.00,-0.013962,-0.018617,-0.006516,0.010239,-0.004654,-0.013032,-0.016277,-0.016516,-0.012101,-0.006755,-0.005824,-0.013032
11080.00,-0.017673,-0.023564,-0.008248,0.012960,-0.005891,-0.016495,-0.015287,-0.018248,-0.015317,-0.011208,-0.010030,-0.016495
11088.00,-0.011556,-0.015408,-0.005393,0.008474,-0.003852,-0.010785,-0.016918,-0.015393,-0.010015,-0.003867,-0.003097,-0.010785
11096.00,-0.016072,-0.021429,-0.007500,0.011786,-0.005357,-0.015001,-0.015714,-0.017500,-0.013929,-0.009286,-0.008215,-0.015001
11104.00,-0.058625,-0.078167,-0.027358,0.042992,-0.019542,-0.054717,-0.004367,-0.037358,-0.050808,-0.060350,-0.056442,-0.054717
11112.00,-0.121150,-0.161533,-0.056537,0.088843,-0.040383,-0.113073,0.012307,-0.066537,-0.104997,-0.135380,-0.127303,-0.113073
11120.00,-0.058259,-0.077679,-0.027188,0.042723,-0.019420,-0.054375,-0.004464,-0.037188,-0.050491,-0.059911,-0.056027,-0.054375
11128.00,0.242606,0.323474,0.113216,-0.177911,0.080869,0.226432,-0.084695,0.103216,0.210258,0.301127,0.284953,0.226432
11136.00,0.637505,0.850007,0.297502,-0.467504,0.212502,0.595005,-0.190001,0.287502,0.552504,0.775006,0.732506,0.595005
11144.00,0.722353,0.963137,0.337098,-0.529725,0.240784,0.674196,-0.212627,0.327098,0.626039,0.876823,0.828667,0.674196
11152.00,0.358133,0.477511,0.167129,-0.262631,0.119378,0.334257,-0.115502,0.157129,0.310382,0.439760,0.415884,0.334257
11160.00,-0.046207,-0.061610,-0.021563,0.033885,-0.015402,-0.043127,-0.007678,-0.031563,-0.040046,-0.045449,-0.042368,-0.043127
11168.00,-0.198327,-0.264435,-0.092552,0.145439,-0.066109,-0.185105,0.032887,-0.102552,-0.171883,-0.227992,-0.214770,-0.185105
11176.00,-0.156702,-0.208936,-0.073128,0.114915,-0.052234,-0.146255,0.021787,-0.083128,-0.135809,-0.178043,-0.167596,-0.146255
11184.00,-0.076644,-0.102192,-0.035767,0.056205,-0.025548,-0.071534,0.000438,-0.045767,-0.066424,-0.081972,-0.076863,-0.071534
11192.00,-0.031060,-0.041413,-0.014495,0.022777,-0.010353,-0.028989,-0.011717,-0.024495,-0.026919,-0.027272,-0.025201,-0.028989
11200.00,-0.007586,-0.010115,-0.003540,0.005563,-0.002529,-0.007080,-0.017977,-0.013540,-0.006575,0.000897,0.001402,-0.007080
11208.00,0.003640,0.004854,0.001699,-0.002670,0.001213,0.003398,-0.020971,-0.008301,0.003155,0.014368,0.014126,0.003398
11216.00,0.002739,0.003652,0.001278,-0.002009,0.000913,0.002557,-0.020730,-0.008722,0.002374,0.013287,0.013104,0.002557
11224.00,0.006812,0.009083,0.003179,-0.004996,0.002271,0.006358,-0.021817,-0.006821,0.005904,0.018175,0.017720,0.006358
11232.00,0.021488,0.028651,0.010028,-0.015758,0.007163,0.020055,-0.025730,0.000028,0.018623,0.035786,0.034353,0.020055
11240.00,0.030649,0.040865,0.014303,-0.022476,0.010216,0.028606,-0.028173,0.004303,0.026562,0.046779,0.044735,0.028606
11248.00,0.035473,0.047298,0.016554,-0.026014,0.011824,0.033108,-0.029460,0.006554,0.030743,0.052568,0.050203,0.033108
11256.00,0.051973,0.069298,0.024254,-0.038114,0.017324,0.048508,-0.033860,0.014254,0.045044,0.072368,0.068903,0.048508
11264.00,0.073089,0.097452,0.034108,-0.053599,0.024363,0.068217,-0.039490,0.024108,0.063344,0.097707,0.092834,0.068217
11272.00,0.085316,0.113755,0.039814,-0.062565,0.028439,0.079628,-0.042751,0.029814,0.073940,0.112379,0.106691,0.079628
11280.00,0.100326,0.133767,0.046819,-0.073572,0.033442,0.093637,-0.046753,0.036819,0.086949,0.130391,0.123702,0.093637
11288.00,0.126455,0.168607,0.059012,-0.092734,0.042152,0.118025,-0.053721,0.049012,0.109594,0.161746,0.153316,0.118025
11296.00,0.147761,0.197015,0.068955,-0.108358,0.049254,0.137910,-0.059403,0.058955,0.128060,0.187313,0.177463,0.137910
11304.00,0.160408,0.213877,0.074857,-0.117632,0.053469,0.149714,-0.062775,0.064857,0.139020,0.202489,0.191796,0.149714
11312.00,0.180038,0.240050,0.084018,-0.132028,0.060013,0.168035,-0.068010,0.074018,0.156033,0.226045,0.214043,0.168035
11320.00,0.202720,0.270293,0.094603,-0.148661,0.067573,0.189205,-0.074059,0.084603,0.175691,0.253264,0.239749,0.189205
11328.00,0.212341,0.283121,0.099092,-0.155717,0.070780,0.198185,-0.076624,0.089092,0.184029,0.264809,0.250653,0.198185
11336.00,0.217032,0.289377,0.101282,-0.159157,0.072344,0.202564,-0.077875,0.091282,0.188095,0.270439,0.255970,0.202564
11344.00,0.228276,0.304368,0.106529,-0.167403,0.076092,0.213058,-0.080874,0.096529,0.197839,0.283932,0.268713,0.213058
11352.00,0.232442,0.309923,0.108473,-0.170458,0.077481,0.216946,-0.081985,0.098473,0.201450,0.288931,0.273435,0.216946
11360.00,0.222456,0.296608,0.103813,-0.163134,0.074152,0.207625,-0.079322,0.093813,0.192795,0.276947,0.262117,0.207625
11368.00,0.214455,0.285940,0.100079,-0.157267,0.071485,0.200158,-0.077188,0.090079,0.185861,0.267346,0.253049,0.200158
11376.00,0.209893,0.279857,0.097950,-0.153921,0.069964,0.195900,-0.075971,0.087950,0.181907,0.261871,0.247879,0.195900
11384.00,0.193047,0.257395,0.090088,-0.141567,0.064349,0.180177,-0.071479,0.080088,0.167307,0.241656,0.228786,0.180177
11392.00,0.169760,0.226346,0.079221,-0.124490,0.056587,0.158442,-0.065269,0.069221,0.147125,0.213712,0.202394,0.158442
11400.00,0.155295,0.207060,0.072471,-0.113883,0.051765,0.144942,-0.061412,0.062471,0.134589,0.196354,0.186001,0.144942
11408.00,0.139998,0.186664,0.065333,-0.102665,0.046666,0.130665,-0.057333,0.055333,0.121332,0.177998,0.168665,0.130665
11416.00,0.114166,0.152222,0.053278,-0.083722,0.038055,0.106555,-0.050444,0.043278,0.098944,0.147000,0.139389,0.106555
11424.00,0.092926,0.123901,0.043365,-0.068146,0.030975,0.086731,-0.044780,0.033365,0.080536,0.121511,0.115316,0.086731
11432.00,0.081927,0.109236,0.038232,-0.060080,0.027309,0.076465,-0.041847,0.028232,0.071003,0.108312,0.102850,0.076465
11440.00,0.065241,0.086988,0.030446,-0.047844,0.021747,0.060892,-0.037398,0.020446,0.056542,0.088290,0.083940,0.060892
11448.00,0.044159,0.058879,0.020608,-0.032384,0.014720,0.041215,-0.031776,0.010608,0.038271,0.062991,0.060047,0.041215
11456.00,0.034744,0.046326,0.016214,-0.025479,0.011581,0.032428,-0.029265,0.006214,0.030112,0.051693,0.049377,0.032428
11464.00,0.029974,0.039965,0.013988,-0.021981,0.009991,0.027976,-0.027993,0.003988,0.025977,0.045969,0.043970,0.027976
11472.00,0.016419,0.021892,0.007662,-0.012041,0.005473,0.015325,-0.024378,-0.002338,0.014230,0.029703,0.028609,0.015325
11480.00,0.005912,0.007883,0.002759,-0.004335,0.001971,0.005518,-0.021577,-0.007241,0.005124,0.017094,0.016700,0.005518
11488.00,0.007063,0.009417,0.003296,-0.005179,0.002354,0.006592,-0.021883,-0.006704,0.006121,0.018476,0.018005,0.006592
11496.00,0.004331,0.005775,0.002021,-0.003176,0.001444,0.004043,-0.021155,-0.007979,0.003754,0.015198,0.014909,0.004043
11504.00,-0.005595,-0.007460,-0.002611,0.004103,-0.001865,-0.005222,-0.018508,-0.012611,-0.004849,0.003286,0.003659,-0.005222
11512.00,-0.006457,-0.008609,-0.003013,0.004735,-0.002152,-0.006026,-0.018278,-0.013013,-0.005596,0.002252,0.002682,-0.006026
11520.00,-0.001526,-0.002035,-0.000712,0.001119,-0.000509,-0.001425,-0.019593,-0.010712,-0.001323,0.008168,0.008270,-0.001425
11528.00,-0.006271,-0.008361,-0.002926,0.004599,-0.002090,-0.005853,-0.018328,-0.012926,-0.005435,0.002475,0.002893,-0.005853
11536.00,-0.011995,-0.015993,-0.005598,0.008796,-0.003998,-0.011195,-0.016801,-0.015598,-0.010395,-0.004394,-0.003594,-0.011195
11544.00,-0.006793,-0.009058,-0.003170,0.004982,-0.002264,-0.006340,-0.018188,-0.013170,-0.005887,0.001848,0.002301,-0.006340
11552.00,-0.004066,-0.005421,-0.001897,0.002982,-0.001355,-0.003795,-0.018916,-0.011897,-0.003524,0.005121,0.005392,-0.003795
11560.00,-0.010882,-0.014510,-0.005078,0.007980,-0.003627,-0.010157,-0.017098,-0.015078,-0.009431,-0.003059,-0.002333,-0.010157
11568.00,-0.011332,-0.015109,-0.005288,0.008310,-0.003777,-0.010576,-0.016978,-0.015288,-0.009821,-0.003598,-0.002843,-0.010576
11576.00,-0.004410,-0.005879,-0.002058,0.003234,-0.001470,-0.004116,-0.018824,-0.012058,-0.003822,0.004709,0.005003,-0.004116
11584.00,-0.006474,-0.008631,-0.003021,0.004747,-0.002158,-0.006042,-0.018274,-0.013021,-0.005610,0.002232,0.002663,-0.006042
11592.00,-0.012448,-0.016597,-0.005809,0.009129,-0.004149,-0.011618,-0.016681,-0.015809,-0.010788,-0.004938,-0.004108,-0.011618
11600.00,-0.007910,-0.010547,-0.003692,0.005801,-0.002637,-0.007383,-0.017891,-0.013692,-0.006856,0.000507,0.001035,-0.007383
11608.00,-0.003363,-0.004484,-0.001570,0.002466,-0.001121,-0.003139,-0.019103,-0.011570,-0.002915,0.005964,0.006188,-0.003139
11616.00,-0.009307,-0.012410,-0.004343,0.006825,-0.003102,-0.008687,-0.017518,-0.014343,-0.008066,-0.001169,-0.000548,-0.008687
11624.00,-0.011313,-0.015085,-0.005280,0.008297,-0.003771,-0.010559,-0.016983,-0.015280,-0.009805,-0.003576,-0.002822,-0.010559
11632.00,-0.004294,-0.005725,-0.002004,0.003149,-0.001431,-0.004008,-0.018855,-0.012004,-0.003721,0.004847,0.005134,-0.004008
11640.00,-0.004588,-0.006117,-0.002141,0.003364,-0.001529,-0.004282,-0.018777,-0.012141,-0.003976,0.004495,0.004801,-0.004282
11648.00,-0.011161,-0.014881,-0.005208,0.008185,-0.003720,-0.010417,-0.017024,-0.015208,-0.009673,-0.003393,-0.002649,-0.010417
11656.00,-0.008064,-0.010752,-0.003763,0.005913,-0.002688,-0.007526,-0.017850,-0.013763,-0.006989,0.000323,0.000861,-0.007526
11664.00,-0.002308,-0.003077,-0.001077,0.001692,-0.000769,-0.002154,-0.019385,-0.011077,-0.002000,0.007231,0.007385,-0.002154
11672.00,-0.007216,-0.009621,-0.003367,0.005291,-0.002405,-0.006735,-0.018076,-0.013367,-0.006254,0.001341,0.001822,-0.006735
11680.00,-0.010783,-0.014377,-0.005032,0.007907,-0.003594,-0.010064,-0.017125,-0.015032,-0.009345,-0.002939,-0.002220,-0.010064
11688.00,-0.004183,-0.005577,-0.001952,0.003067,-0.001394,-0.003904,-0.018885,-0.011952,-0.003625,0.004981,0.005260,-0.003904
11696.00,-0.002721,-0.003628,-0.001270,0.001996,-0.000907,-0.002540,-0.019274,-0.011270,-0.002358,0.006734,0.006916,-0.002540
11704.00,-0.009464,-0.012619,-0.004417,0.006940,-0.003155,-0.008833,-0.017476,-0.014417,-0.008202,-0.001357,-0.000726,-0.008833
11712.00,-0.007885,-0.010514,-0.003680,0.005783,-0.002628,-0.007360,-0.017897,-0.013680,-0.006834,0.000537,0.001063,-0.007360
11720.00,-0.000930,-0.001241,-0.000434,0.000682,-0.000310,-0.000868,-0.019752,-0.010434,-0.000806,0.008883,0.008946,-0.000868
11728.00,-0.003607,-0.004810,-0.001683,0.002645,-0.001202,-0.003367,-0.019038,-0.011683,-0.003126,0.005671,0.005912,-0.003367
11736.00,-0.006533,-0.008711,-0.003049,0.004791,-0.002178,-0.006097,-0.018258,-0.013049,-0.005662,0.002160,0.002596,-0.006097
11744.00,0.003158,0.004211,0.001474,-0.002316,0.001053,0.002948,-0.020842,-0.008526,0.002737,0.013790,0.013580,0.002948
11752.00,0.013193,0.017590,0.006157,-0.009675,0.004398,0.012313,-0.023518,-0.003843,0.011434,0.025831,0.024952,0.012313
11760.00,0.017409,0.023212,0.008124,-0.012766,0.005803,0.016248,-0.024642,-0.001876,0.015087,0.030890,0.029730,0.016248
11768.00,0.031779,0.042371,0.014830,-0.023304,0.010593,0.029660,-0.028474,0.004830,0.027541,0.048134,0.046016,0.029660
11776.00,0.055917,0.074556,0.026095,-0.041006,0.018639,0.052189,-0.034911,0.016095,0.048461,0.077100,0.073372,0.052189
11784.00,0.070496,0.093995,0.032898,-0.051697,0.023499,0.065797,-0.038799,0.022898,0.061097,0.094596,0.089896,0.065797
11792.00,0.076755,0.102340,0.035819,-0.056287,0.025585,0.071638,-0.040468,0.025819,0.066521,0.102106,0.096989,0.071638
11800.00,0.085828,0.114438,0.040053,-0.062941,0.028609,0.080106,-0.042888,0.030053,0.074385,0.112994,0.107272,0.080106
11808.00,0.085918,0.114558,0.040095,-0.063007,0.028639,0.080190,-0.042912,0.030095,0.074462,0.113102,0.107374,0.080190
11816.00,0.067829,0.090438,0.031653,-0.049741,0.022610,0.063307,-0.038088,0.021653,0.058785,0.091394,0.086872,0.063307
11824.00,0.049286,0.065714,0.023000,-0.036143,0.016429,0.046000,-0.033143,0.013000,0.042714,0.069143,0.065857,0.046000
11832.00,0.039230,0.052306,0.018307,-0.028768,0.013077,0.036614,-0.030461,0.008307,0.033999,0.057076,0.054460,0.036614
11840.00,0.024311,0.032415,0.011345,-0.017828,0.008104,0.022690,-0.026483,0.001345,0.021070,0.039173,0.037553,0.022690
11848.00,0.006983,0.009311,0.003259,-0.005121,0.002328,0.006518,-0.021862,-0.006741,0.006052,0.018380,0.017915,0.006518
11856.00,0.003176,0.004235,0.001482,-0.002329,0.001059,0.002964,-0.020847,-0.008518,0.002753,0.013811,0.013600,0.002964
11864.00,0.005026,0.006702,0.002346,-0.003686,0.001675,0.004691,-0.021340,-0.007654,0.004356,0.016032,0.015697,0.004691
11872.00,-0.001837,-0.002450,-0.000857,0.001347,-0.000612,-0.001715,-0.019510,-0.010857,-0.001592,0.007795,0.007918,-0.001715
11880.00,-0.006271,-0.008362,-0.002927,0.004599,-0.002090,-0.005853,-0.018328,-0.012927,-0.005435,0.002475,0.002893,-0.005853
11888.00,-0.000011,-0.000014,-0.000005,0.000008,-0.000004,-0.000010,-0.019997,-0.010005,-0.000009,0.009987,0.009988,-0.000010
11896.00,0.001330,0.001773,0.000620,-0.000975,0.000443,0.001241,-0.020355,-0.009380,0.001152,0.011595,0.011507,0.001241
11904.00,-0.005477,-0.007303,-0.002556,0.004017,-0.001826,-0.005112,-0.018539,-0.012556,-0.004747,0.003427,0.003793,-0.005112
11912.00,-0.004023,-0.005365,-0.001878,0.002951,-0.001341,-0.003755,-0.018927,-0.011878,-0.003487,0.005172,0.005440,-0.003755
11920.00,0.002391,0.003188,0.001116,-0.001753,0.000797,0.002231,-0.020638,-0.008884,0.002072,0.012869,0.012710,0.002231
11928.00,-0.005069,-0.006759,-0.002366,0.003717,-0.001690,-0.004731,-0.018648,-0.012366,-0.004393,0.003917,0.004255,-0.004731
11936.00,-0.038344,-0.051125,-0.017894,0.028119,-0.012781,-0.035788,-0.009775,-0.027894,-0.033231,-0.036013,-0.033456,-0.035788
11944.00,-0.097743,-0.130323,-0.045613,0.071678,-0.032581,-0.091226,0.006065,-0.055613,-0.084710,-0.107291,-0.100775,-0.091226
11952.00,-0.072148,-0.096197,-0.033669,0.052908,-0.024049,-0.067338,-0.000761,-0.043669,-0.062528,-0.076578,-0.071768,-0.067338
11960.00,0.186029,0.248038,0.086813,-0.136421,0.062010,0.173627,-0.069608,0.076813,0.161225,0.233234,0.220833,0.173627
11968.00,0.594905,0.793207,0.277622,-0.436264,0.198302,0.555245,-0.178641,0.267622,0.515584,0.723886,0.684226,0.555245
11976.00,0.760948,1.014597,0.355109,-0.558028,0.253649,0.710218,-0.222919,0.345109,0.659488,0.923138,0.872408,0.710218
11984.00,0.445230,0.593639,0.207774,-0.326502,0.148410,0.415548,-0.138728,0.197774,0.385866,0.544276,0.514594,0.415548
11992.00,0.016164,0.021551,0.007543,-0.011853,0.005388,0.015086,-0.024310,-0.002457,0.014008,0.029396,0.028319,0.015086
